[
{
    "model": "auth.group",
    "pk": 1,
    "fields": {
        "name": "api",
        "permissions": []
    }
},
{
    "model": "auth.group",
    "pk": 2,
    "fields": {
        "name": "importers",
        "permissions": []
    }
},
{
    "model": "auth.group",
    "pk": 3,
    "fields": {
        "name": "developers",
        "permissions": []
    }
},
{
    "model": "auth.group",
    "pk": 4,
    "fields": {
        "name": "exporters",
        "permissions": []
    }
},
{
    "model": "auth.user",
    "pk": 1,
    "fields": {
        "password": "!kadoQy5KXoTir0SuX1gxDdrIx0iiTwTJCrPDXPJu",
        "last_login": null,
        "is_superuser": false,
        "username": "AnonymousUser",
        "first_name": "",
        "last_name": "",
        "email": "",
        "is_staff": false,
        "is_active": true,
        "date_joined": "2020-09-25T12:36:09.573Z",
        "groups": [],
        "user_permissions": []
    }
},
{
    "model": "auth.user",
    "pk": 2,
    "fields": {
        "password": "pbkdf2_sha256$36000$WauzpJOXCyWr$tIWKvitjYbc1TbTBA7AhOlT+MrwafeWaPENgVAQdH78=",
        "last_login": "2020-09-25T12:42:34.867Z",
        "is_superuser": false,
        "username": "user1",
        "first_name": "user1Fname",
        "last_name": "user1Lname",
        "email": "user1@emiftest.pt",
        "is_staff": false,
        "is_active": true,
        "date_joined": "2020-09-25T12:36:12.145Z",
        "groups": [],
        "user_permissions": []
    }
},
{
    "model": "auth.user",
    "pk": 3,
    "fields": {
        "password": "pbkdf2_sha256$36000$WauzpJOXCyWr$tIWKvitjYbc1TbTBA7AhOlT+MrwafeWaPENgVAQdH78=",
        "last_login": "2020-09-25T12:42:30.598Z",
        "is_superuser": true,
        "username": "user2",
        "first_name": "user2Fname",
        "last_name": "user2Lname",
        "email": "user2@emiftest.pt",
        "is_staff": true,
        "is_active": true,
        "date_joined": "2020-09-25T12:36:12.148Z",
        "groups": [],
        "user_permissions": []
    }
},
{
    "model": "auth.user",
    "pk": 4,
    "fields": {
        "password": "pbkdf2_sha256$36000$WauzpJOXCyWr$tIWKvitjYbc1TbTBA7AhOlT+MrwafeWaPENgVAQdH78=",
        "last_login": null,
        "is_superuser": false,
        "username": "user3",
        "first_name": "user3Fname",
        "last_name": "user3Lname",
        "email": "user3@emiftest.pt",
        "is_staff": false,
        "is_active": true,
        "date_joined": "2020-09-25T12:36:12.149Z",
        "groups": [],
        "user_permissions": []
    }
},
{
    "model": "sessions.session",
    "pk": "5gmbnlozbi6z3g32nthk18ggtfdpcu53",
    "fields": {
        "session_data": "MmJiMzBmMTU1ZjM5ZTU1OWMyMWJkNGMzOTZhMGFkZWRiMWU3YjQ2YTp7Imxpc3Rfb3JpZ2luIjoiYWxsIiwiX2F1dGhfdXNlcl9pZCI6IjIiLCJfYXV0aF91c2VyX2hhc2giOiIzM2VmZWExNGNjY2Q5ZWExNGI3NmRhZTBjY2RlN2M0ZmNkM2UzZmUwIiwiX2F1dGhfdXNlcl9iYWNrZW5kIjoidXNlcmVuYS5iYWNrZW5kcy5Vc2VyZW5hQXV0aGVudGljYXRpb25CYWNrZW5kIiwiX3Nlc3Npb25fZXhwaXJ5IjowfQ==",
        "expire_date": "2020-10-09T12:42:22.195Z"
    }
},
{
    "model": "sessions.session",
    "pk": "7l5i71kcbmyeypssv1oc3knz7x7jdnxe",
    "fields": {
        "session_data": "YmJkOGYxODljODljOWQzZmZkZDI3YjVjYTVjMmZjZDkyM2Y2YzU1ZDp7Il9zZXNzaW9uX2V4cGlyeSI6MCwiX2F1dGhfdXNlcl9iYWNrZW5kIjoidXNlcmVuYS5iYWNrZW5kcy5Vc2VyZW5hQXV0aGVudGljYXRpb25CYWNrZW5kIiwiX2F1dGhfdXNlcl9oYXNoIjoiMzNlZmVhMTRjY2NkOWVhMTRiNzZkYWUwY2NkZTdjNGZjZDNlM2ZlMCIsIl9hdXRoX3VzZXJfaWQiOiIzIiwibGlzdF9vcmlnaW4iOiJhbGwifQ==",
        "expire_date": "2020-10-09T12:41:49.202Z"
    }
},
{
    "model": "sessions.session",
    "pk": "87dq0a7co5rmq256aj77kbsxikx71rpi",
    "fields": {
        "session_data": "N2FiZmZmYWFiMzQxNGY5NmVhN2JjNWNiZTg1MGZmMTM2M2RjYTQ5Mjp7Il9zZXNzaW9uX2V4cGlyeSI6MCwiX2F1dGhfdXNlcl9oYXNoIjoiMzNlZmVhMTRjY2NkOWVhMTRiNzZkYWUwY2NkZTdjNGZjZDNlM2ZlMCIsIl9hdXRoX3VzZXJfYmFja2VuZCI6InVzZXJlbmEuYmFja2VuZHMuVXNlcmVuYUF1dGhlbnRpY2F0aW9uQmFja2VuZCIsIl9hdXRoX3VzZXJfaWQiOiIyIn0=",
        "expire_date": "2020-10-09T12:36:30.738Z"
    }
},
{
    "model": "sessions.session",
    "pk": "9e3railgrw91rsrphyvx6yn8ts8crvct",
    "fields": {
        "session_data": "N2FiZmZmYWFiMzQxNGY5NmVhN2JjNWNiZTg1MGZmMTM2M2RjYTQ5Mjp7Il9zZXNzaW9uX2V4cGlyeSI6MCwiX2F1dGhfdXNlcl9oYXNoIjoiMzNlZmVhMTRjY2NkOWVhMTRiNzZkYWUwY2NkZTdjNGZjZDNlM2ZlMCIsIl9hdXRoX3VzZXJfYmFja2VuZCI6InVzZXJlbmEuYmFja2VuZHMuVXNlcmVuYUF1dGhlbnRpY2F0aW9uQmFja2VuZCIsIl9hdXRoX3VzZXJfaWQiOiIyIn0=",
        "expire_date": "2020-10-09T12:36:36.785Z"
    }
},
{
    "model": "sessions.session",
    "pk": "a9k9tvoee9zbwehz8oe8gx4g4m6ixkr5",
    "fields": {
        "session_data": "Nzk5YzIwN2I3YmE3YzkyYzBiMWExZTQzMTAwYjJmMjc5ZGM3OTg3Zjp7InF1ZXJ5X3RpdGxlIjoiUXVlcnkgb24gMjAyMC0wOS0yNSAxMjo0MToxMC45NDcwNjgiLCJzZWFyY2hfb3JpZ2luIjoiYWxsIiwic2VyaWFsaXphdGlvbl9xdWVyeSI6IkJFR0lOX0JHXzEwMDAyQkVHSU5fVkFSXzEwMDAyQkVHSU5fQkdfMTAwMDBCRUdJTl9WQVJfMTAwMDBUOzs7OztxdWVzdGlvbl9ucl8yLjAxOzs7OzsyLjAxLiUyMFN1bW1hcnk7Ozs7O3Rlc3QlMjBxdWVzdGlvbl8yLjAxOzs7OztjbGVhclNpbXBsZSglMjJxdWVzdGlvbl8yLjAxJTIyKTtPVEhFUl8xMDAwMEVORF9WQVJfMTAwMDBCRUdJTl9SRUxfMTAwMDBFTkRfUkVMXzEwMDAwRU5EX0JHXzEwMDAwT1RIRVJfMTAwMDJCRUdJTl9CR18xMDAwM0JFR0lOX1ZBUl8xMDAwM0JFR0lOX0JHXzEwMDA3QkVHSU5fVkFSXzEwMDA3VDs7Ozs7cXVlc3Rpb25fbnJfMi4wMl9fX19fMi4wMl90aGUlMjBzb3VyY2UlMjBvZiUyMGRhdGElMjBpcyUyMGNhcmUlMjBwcm92aWRlZCUyMGJ5JTIwc3BlY2lhbGlzdCUyMGluJTIwYW4lMjBvdXRwYXRpZW50JTIwc2V0dGluZ19fX19fOzs7OzsyLjAyLiUyMHRoZSUyMHNvdXJjZSUyMG9mJTIwZGF0YSUyMGlzJTIwY2FyZSUyMHByb3ZpZGVkJTIwYnklMjBzcGVjaWFsaXN0JTIwaW4lMjBhbiUyMG91dHBhdGllbnQlMjBzZXR0aW5nJTIwKFdoYXQlMjBpcyUyMHRoZSUyMGRhdGFiYXNlJTIwdHlwZT8lMEElMEElMjAlMjAlMjAlMjAlMjAlMjAlMjAlMjAlMjAlMjAlMjAlMjAlMjAlMjAlMjAlMjAlMjAlMjAlMjAlMjAlMEElMjAlMjAlMjAlMjAlMjAlMjAlMjAlMjAlMjAlMjAlMjAlMjAlMjAlMjAlMjAlMjAlMjAlMjAlMjAlMjAlMjAlMjAlMjAlMjAlMEElMjAlMjAlMjAlMjAlMjAlMjAlMjAlMjAlMjAlMjAlMjAlMjAlMjAlMjAlMjAlMjAlMjAlMjAlMjAlMjAlMjAlMjAlMjAlMjAlMjAlMjAlMjAlMjBQbGVhc2UlMjBpbmRpY2F0ZSUyMHdoaWNoJTIwb2YlMjB0aGUlMjBzdGF0ZW1lbnRzJTIwd291bGQlMjBhcHBseSUyMHRvJTIweW91ciUyMGRhdGElMjBiYXNlLiUyME1vcmUlMjB0aGFuJTIwb25lJTIwc3RhdGVtZW50JTIwbWF5JTIwYXBwbHklMjBhbmQlMjBjYW4lMjBiZSUyMHNlbGVjdGVkLiUyMElmJTIweW91ciUyMGRhdGElMjBiYXNlJTIwaXMlMjBhJTIwZGlzZWFzZSUyMChlLmcuLCUyMGElMjBkaWFiZXRlcyUyMGNvaG9ydCklMjBvciUyMGV2ZW50JTIwKGUuZy4sJTIwYmlydGgpJTIwcmVnaXN0cnksJTIwYWxzbyUyMHBsZWFzZSUyMGlkZW50aWZ5JTIwdGhlJTIwZGlzZWFzZSUyMG9yJTIwZXZlbnQuSWYlMjB5b3VyJTIwZGF0YSUyMGJhc2UlMjBpcyUyMGElMjBzdHVkeS1zcGVjaWZpYyUyMHJlZ2lzdHJ5JTIwKGUuZy4sJTIwYSUyMGNvaG9ydCUyMG9mJTIwc3ViamVjdHMlMjB1c2luZyUyMGElMjBzcGVjaWZpYyUyMG1lZGljYXRpb24pLCUyMHBsZWFzZSUyMGRlc2NyaWJlJTIwdGhlJTIwaW5jbHVzaW9uJTIwY3JpdGVyaWEuSWYlMjB5b3UlMjBmZWVsJTIwYW4lMjBpbXBvcnRhbnQlMjBjaGFyYWN0ZXJpc3RpYyUyMGlzJTIwbWlzc2luZywlMjBwbGVhc2UlMjBzZWxlY3QlMjAlRTIlODAlOUNvdGhlciVFMiU4MCU5RCUyMGFuZCUyMHNwZWNpZnklMjB0aGF0JTIwY2hhcmFjdGVyaXN0aWMuKTs7Ozs7dGhlJTIwc291cmNlJTIwb2YlMjBkYXRhJTIwaXMlMjBjYXJlJTIwcHJvdmlkZWQlMjBieSUyMHNwZWNpYWxpc3QlMjBpbiUyMGFuJTIwb3V0cGF0aWVudCUyMHNldHRpbmc7Ozs7O2NsZWFyY2hlY2soJTIycXVlc3Rpb25fMi4wMl9tdWx0aXBsZV8yJTIyKTtPVEhFUl8xMDAwN0VORF9WQVJfMTAwMDdCRUdJTl9SRUxfMTAwMDdFTkRfUkVMXzEwMDA3RU5EX0JHXzEwMDA3T1RIRVJfMTAwMDNCRUdJTl9CR18xMDAwNUJFR0lOX1ZBUl8xMDAwNVQ7Ozs7O3F1ZXN0aW9uX25yXzIuMDJfX19fXzIuMDJfdGhlJTIwc291cmNlJTIwb2YlMjBkYXRhJTIwaXMlMjBhZG1pbmlzdHJhdGl2ZS8lMjBiaWxsaW5nJTIwZGF0YV9fX19fOzs7OzsyLjAyLiUyMHRoZSUyMHNvdXJjZSUyMG9mJTIwZGF0YSUyMGlzJTIwYWRtaW5pc3RyYXRpdmUvJTIwYmlsbGluZyUyMGRhdGElMjAoV2hhdCUyMGlzJTIwdGhlJTIwZGF0YWJhc2UlMjB0eXBlPyUwQSUwQSUyMCUyMCUyMCUyMCUyMCUyMCUyMCUyMCUyMCUyMCUyMCUyMCUyMCUyMCUyMCUyMCUyMCUyMCUyMCUyMCUwQSUyMCUyMCUyMCUyMCUyMCUyMCUyMCUyMCUyMCUyMCUyMCUyMCUyMCUyMCUyMCUyMCUyMCUyMCUyMCUyMCUyMCUyMCUyMCUyMCUwQSUyMCUyMCUyMCUyMCUyMCUyMCUyMCUyMCUyMCUyMCUyMCUyMCUyMCUyMCUyMCUyMCUyMCUyMCUyMCUyMCUyMCUyMCUyMCUyMCUyMCUyMCUyMCUyMFBsZWFzZSUyMGluZGljYXRlJTIwd2hpY2glMjBvZiUyMHRoZSUyMHN0YXRlbWVudHMlMjB3b3VsZCUyMGFwcGx5JTIwdG8lMjB5b3VyJTIwZGF0YSUyMGJhc2UuJTIwTW9yZSUyMHRoYW4lMjBvbmUlMjBzdGF0ZW1lbnQlMjBtYXklMjBhcHBseSUyMGFuZCUyMGNhbiUyMGJlJTIwc2VsZWN0ZWQuJTIwSWYlMjB5b3VyJTIwZGF0YSUyMGJhc2UlMjBpcyUyMGElMjBkaXNlYXNlJTIwKGUuZy4sJTIwYSUyMGRpYWJldGVzJTIwY29ob3J0KSUyMG9yJTIwZXZlbnQlMjAoZS5nLiwlMjBiaXJ0aCklMjByZWdpc3RyeSwlMjBhbHNvJTIwcGxlYXNlJTIwaWRlbnRpZnklMjB0aGUlMjBkaXNlYXNlJTIwb3IlMjBldmVudC5JZiUyMHlvdXIlMjBkYXRhJTIwYmFzZSUyMGlzJTIwYSUyMHN0dWR5LXNwZWNpZmljJTIwcmVnaXN0cnklMjAoZS5nLiwlMjBhJTIwY29ob3J0JTIwb2YlMjBzdWJqZWN0cyUyMHVzaW5nJTIwYSUyMHNwZWNpZmljJTIwbWVkaWNhdGlvbiksJTIwcGxlYXNlJTIwZGVzY3JpYmUlMjB0aGUlMjBpbmNsdXNpb24lMjBjcml0ZXJpYS5JZiUyMHlvdSUyMGZlZWwlMjBhbiUyMGltcG9ydGFudCUyMGNoYXJhY3RlcmlzdGljJTIwaXMlMjBtaXNzaW5nLCUyMHBsZWFzZSUyMHNlbGVjdCUyMCVFMiU4MCU5Q290aGVyJUUyJTgwJTlEJTIwYW5kJTIwc3BlY2lmeSUyMHRoYXQlMjBjaGFyYWN0ZXJpc3RpYy4pOzs7Ozt0aGUlMjBzb3VyY2UlMjBvZiUyMGRhdGElMjBpcyUyMGFkbWluaXN0cmF0aXZlLyUyMGJpbGxpbmclMjBkYXRhOzs7OztjbGVhcmNoZWNrKCUyMnF1ZXN0aW9uXzIuMDJfbXVsdGlwbGVfNiUyMik7T1RIRVJfMTAwMDVFTkRfVkFSXzEwMDA1QkVHSU5fUkVMXzEwMDA1RU5EX1JFTF8xMDAwNUVORF9CR18xMDAwNU9USEVSXzEwMDAzRU5EX1ZBUl8xMDAwM0JFR0lOX1JFTF8xMDAwM09SLEVORF9SRUxfMTAwMDNFTkRfQkdfMTAwMDNPVEhFUl8xMDAwMkJFR0lOX0JHXzEwMDA4QkVHSU5fVkFSXzEwMDA4VDs7Ozs7cXVlc3Rpb25fbnJfMi4wMzs7Ozs7Mi4wMy4lMjBJcyUyMHBhdGllbnQtYmFzZWQlMjBsaW5rYWdlJTIwcG9zc2libGUlMjB3aXRoJTIwb3RoZXIlMjBzb3VyY2VzJTIwb2YlMjBpbmZvcm1hdGlvbj87Ozs7O3llczs7Ozs7Y2xlYXJfc2VsZWN0aW9uKCUyMnF1ZXN0aW9uX25yXzIuMDMlMjIsJTIwJTIyJTIyKTtPVEhFUl8xMDAwOEVORF9WQVJfMTAwMDhCRUdJTl9SRUxfMTAwMDhFTkRfUkVMXzEwMDA4RU5EX0JHXzEwMDA4T1RIRVJfMTAwMDJCRUdJTl9CR18xMDAxMEJFR0lOX1ZBUl8xMDAxMFQ7Ozs7O3F1ZXN0aW9uX25yXzIuMDQ7Ozs7OzIuMDQuJTIwRGF0YSUyMGNvbnRpbnVpdHk7Ozs7O2Nyb3NzLXNlY3Rpb25hbDs7Ozs7Y2xlYXJfc2VsZWN0aW9uKCUyMnF1ZXN0aW9uX25yXzIuMDQlMjIsJTIwJTIyJTIwJTIyKTtPVEhFUl8xMDAxMEVORF9WQVJfMTAwMTBCRUdJTl9SRUxfMTAwMTBFTkRfUkVMXzEwMDEwRU5EX0JHXzEwMDEwT1RIRVJfMTAwMDJCRUdJTl9CR18xMDAxMkJFR0lOX1ZBUl8xMDAxMkJFR0lOX0JHXzEwMDE2QkVHSU5fVkFSXzEwMDE2VDs7Ozs7cXVlc3Rpb25fbnJfMi4wNV9fX19fMi4wNV9JbnN1cmFuY2UvYWRtaW5pc3RyYXRpdmUlMjBjbGFpbXNfX19fXzs7Ozs7Mi4wNS4lMjBJbnN1cmFuY2UvYWRtaW5pc3RyYXRpdmUlMjBjbGFpbXMlMjAoV2hhdCUyMGRhdGElMjBjYXB0dXJlJTIwcHJvY2VzcyhlcyklMjBhcmUlMjB1c2VkPyUyMCUwQSUwQSUyMCUyMCUyMCUyMCUyMCUyMCUyMCUyMCUyMCUyMCUyMCUyMCUyMCUyMCUyMCUyMCUyMCUyMCUyMCUyMCUwQSUyMCUyMCUyMCUyMCUyMCUyMCUyMCUyMCUyMCUyMCUyMCUyMCUyMCUyMCUyMCUyMCUyMCUyMCUyMCUyMCUyMCUyMCUyMCUyMCUwQSUyMCUyMCUyMCUyMCUyMCUyMCUyMCUyMCUyMCUyMCUyMCUyMCUyMCUyMCUyMCUyMCUyMCUyMCUyMCUyMCUyMCUyMCUyMCUyMCUyMCUyMCUyMCUyMFBsZWFzZSUyMGluZGljYXRlJTIwd2hpY2glMjBvZiUyMHRoZSUyMHR5cGVzJTIwYXBwbHkuJTIwTW9yZSUyMHRoYW4lMjBvbmUlMjBzdGF0ZW1lbnQlMjBtYXklMjBhcHBseSUyMGFuZCUyMGNhbiUyMGJlJTIwc2VsZWN0ZWQuJTIwWW91JTIwY2FuJTIwYWxzbyUyMHNwZWNpZnklMjB5b3VyJTIwb3duJTIwdHlwZSUyMGJ5JTIwc2VsZWN0aW5nJTIwJTIyb3RoZXIlMjIuKTs7Ozs7SW5zdXJhbmNlL2FkbWluaXN0cmF0aXZlJTIwY2xhaW1zOzs7OztjbGVhcmNoZWNrKCUyMnF1ZXN0aW9uXzIuMDVfbXVsdGlwbGVfMSUyMik7T1RIRVJfMTAwMTZFTkRfVkFSXzEwMDE2QkVHSU5fUkVMXzEwMDE2RU5EX1JFTF8xMDAxNkVORF9CR18xMDAxNk9USEVSXzEwMDEyQkVHSU5fQkdfMTAwMTRCRUdJTl9WQVJfMTAwMTRUOzs7OztxdWVzdGlvbl9ucl8yLjA1X19fX18yLjA1X0lucGF0aWVudCUyMGhvc3BpdGFsJTIwYmlsbGluZyUyMHN5c3RlbXNfX19fXzs7Ozs7Mi4wNS4lMjBJbnBhdGllbnQlMjBob3NwaXRhbCUyMGJpbGxpbmclMjBzeXN0ZW1zJTIwKFdoYXQlMjBkYXRhJTIwY2FwdHVyZSUyMHByb2Nlc3MoZXMpJTIwYXJlJTIwdXNlZD8lMjAlMEElMEElMjAlMjAlMjAlMjAlMjAlMjAlMjAlMjAlMjAlMjAlMjAlMjAlMjAlMjAlMjAlMjAlMjAlMjAlMjAlMjAlMEElMjAlMjAlMjAlMjAlMjAlMjAlMjAlMjAlMjAlMjAlMjAlMjAlMjAlMjAlMjAlMjAlMjAlMjAlMjAlMjAlMjAlMjAlMjAlMjAlMEElMjAlMjAlMjAlMjAlMjAlMjAlMjAlMjAlMjAlMjAlMjAlMjAlMjAlMjAlMjAlMjAlMjAlMjAlMjAlMjAlMjAlMjAlMjAlMjAlMjAlMjAlMjAlMjBQbGVhc2UlMjBpbmRpY2F0ZSUyMHdoaWNoJTIwb2YlMjB0aGUlMjB0eXBlcyUyMGFwcGx5LiUyME1vcmUlMjB0aGFuJTIwb25lJTIwc3RhdGVtZW50JTIwbWF5JTIwYXBwbHklMjBhbmQlMjBjYW4lMjBiZSUyMHNlbGVjdGVkLiUyMFlvdSUyMGNhbiUyMGFsc28lMjBzcGVjaWZ5JTIweW91ciUyMG93biUyMHR5cGUlMjBieSUyMHNlbGVjdGluZyUyMCUyMm90aGVyJTIyLik7Ozs7O0lucGF0aWVudCUyMGhvc3BpdGFsJTIwYmlsbGluZyUyMHN5c3RlbXM7Ozs7O2NsZWFyY2hlY2soJTIycXVlc3Rpb25fMi4wNV9tdWx0aXBsZV80JTIyKTtPVEhFUl8xMDAxNEVORF9WQVJfMTAwMTRCRUdJTl9SRUxfMTAwMTRFTkRfUkVMXzEwMDE0RU5EX0JHXzEwMDE0T1RIRVJfMTAwMTJFTkRfVkFSXzEwMDEyQkVHSU5fUkVMXzEwMDEyT1IsRU5EX1JFTF8xMDAxMkVORF9CR18xMDAxMk9USEVSXzEwMDAyRU5EX1ZBUl8xMDAwMkJFR0lOX1JFTF8xMDAwMkFORCxBTkQsQU5ELEFORCxFTkRfUkVMXzEwMDAyRU5EX0JHXzEwMDAyIiwiX2F1dGhfdXNlcl9pZCI6IjMiLCJxdWVyeV90eXBlIjoxLCJsaXN0X29yaWdpbiI6ImFsbCIsInF1ZXJ5X2lkIjoyLCJfYXV0aF91c2VyX2JhY2tlbmQiOiJ1c2VyZW5hLmJhY2tlbmRzLlVzZXJlbmFBdXRoZW50aWNhdGlvbkJhY2tlbmQiLCJfc2Vzc2lvbl9leHBpcnkiOjAsInF1ZXJ5IjoiKGRhdGFiYXNlX2Rlc2NyaXB0aW9uX3M6XCJ0ZXN0IHF1ZXN0aW9uXzIuMDFcIiBBTkQgKEhvd193b3VsZF95b3VfY2hhcmFjdGVyaXplX3lvdXJfZGF0YWJhc2VfczpcInRoZSBzb3VyY2Ugb2YgZGF0YSBpcyBjYXJlIHByb3ZpZGVkIGJ5IHNwZWNpYWxpc3QgaW4gYW4gb3V0cGF0aWVudCBzZXR0aW5nXCIgT1IgSG93X3dvdWxkX3lvdV9jaGFyYWN0ZXJpemVfeW91cl9kYXRhYmFzZV9zOlwidGhlIHNvdXJjZSBvZiBkYXRhIGlzIGFkbWluaXN0cmF0aXZlLyBiaWxsaW5nIGRhdGFcIikgQU5EIHBhdGllbnRfbGlua2FnZV9zOlwieWVzXCIgQU5EIGRhdGFfY29udGludWl0eV9zOlwiY3Jvc3Mtc2VjdGlvbmFsXCIgQU5EICh3aGF0XFwtZGF0YVxcLWNhcHR1cmVcXC1wcm9jZXNzZXNcXC1hcmVcXC11c2VkX3M6XCJJbnN1cmFuY2UvYWRtaW5pc3RyYXRpdmUgY2xhaW1zXCIgT1Igd2hhdFxcLWRhdGFcXC1jYXB0dXJlXFwtcHJvY2Vzc2VzXFwtYXJlXFwtdXNlZF9zOlwiSW5wYXRpZW50IGhvc3BpdGFsIGJpbGxpbmcgc3lzdGVtc1wiKSkgQU5EIHR5cGVfdDplaGRlbl9maW5hbCIsImlzQWR2YW5jZWQiOnRydWUsIl9hdXRoX3VzZXJfaGFzaCI6IjMzZWZlYTE0Y2NjZDllYTE0Yjc2ZGFlMGNjZGU3YzRmY2QzZTNmZTAiLCJhZHZwYXJhbXMiOlsiZGF0YWJhc2VfZGVzY3JpcHRpb25fcyIsIkhvd193b3VsZF95b3VfY2hhcmFjdGVyaXplX3lvdXJfZGF0YWJhc2VfcyIsIkhvd193b3VsZF95b3VfY2hhcmFjdGVyaXplX3lvdXJfZGF0YWJhc2VfcyIsInBhdGllbnRfbGlua2FnZV9zIiwiZGF0YV9jb250aW51aXR5X3MiLCJ3aGF0LWRhdGEtY2FwdHVyZS1wcm9jZXNzZXMtYXJlLXVzZWRfcyIsIndoYXQtZGF0YS1jYXB0dXJlLXByb2Nlc3Nlcy1hcmUtdXNlZF9zIl0sImhpZ2hsaWdodF9yZXN1bHRzIjp7InJlc3VsdHMiOnsiNzRiZmMyNDY4YzRjY2RhZmFkZWM1ZDY5YzA3MTUzM2QiOnsiZGF0YWJhc2VfZGVzY3JpcHRpb25fcyI6WyI8c3BhbiBjbGFzcz1oaWdobGlnaHQ+dGVzdDwvc3Bhbj4gPHNwYW4gY2xhc3M9aGlnaGxpZ2h0PnF1ZXN0aW9uXzIuMDE8L3NwYW4+Il0sIkhvd193b3VsZF95b3VfY2hhcmFjdGVyaXplX3lvdXJfZGF0YWJhc2VfcyI6WyIjdGhlIHNvdXJjZSBvZiBkYXRhIGlzIGNhcmUgcHJvdmlkZWQgYnkgc3BlY2lhbGlzdCBpbiBhbiBvdXRwYXRpZW50IHNldHRpbmcjdGhlIDxzcGFuIGNsYXNzPWhpZ2hsaWdodD5zb3VyY2U8L3NwYW4+IG9mIDxzcGFuIGNsYXNzPWhpZ2hsaWdodD5kYXRhPC9zcGFuPiBpcyA8c3BhbiBjbGFzcz1oaWdobGlnaHQ+YWRtaW5pc3RyYXRpdmU8L3NwYW4+LyA8c3BhbiBjbGFzcz1oaWdobGlnaHQ+YmlsbGluZzwvc3Bhbj4gZGF0YXx8dGVzdCBxdWVzdGlvbl8yLjAyX21vcmUxIl0sImRhdGFfY29udGludWl0eV9zIjpbIjxzcGFuIGNsYXNzPWhpZ2hsaWdodD5jcm9zczwvc3Bhbj4tPHNwYW4gY2xhc3M9aGlnaGxpZ2h0PnNlY3Rpb25hbDwvc3Bhbj4jPHNwYW4gY2xhc3M9aGlnaGxpZ2h0PmNyb3NzPC9zcGFuPi08c3BhbiBjbGFzcz1oaWdobGlnaHQ+c2VjdGlvbmFsPC9zcGFuPiJdLCJ3aGF0LWRhdGEtY2FwdHVyZS1wcm9jZXNzZXMtYXJlLXVzZWRfcyI6WyIjPHNwYW4gY2xhc3M9aGlnaGxpZ2h0Pkluc3VyYW5jZTwvc3Bhbj4vPHNwYW4gY2xhc3M9aGlnaGxpZ2h0PmFkbWluaXN0cmF0aXZlPC9zcGFuPiA8c3BhbiBjbGFzcz1oaWdobGlnaHQ+Y2xhaW1zPC9zcGFuPiM8c3BhbiBjbGFzcz1oaWdobGlnaHQ+SW5wYXRpZW50PC9zcGFuPiA8c3BhbiBjbGFzcz1oaWdobGlnaHQ+aG9zcGl0YWw8L3NwYW4+IDxzcGFuIGNsYXNzPWhpZ2hsaWdodD5iaWxsaW5nPC9zcGFuPiA8c3BhbiBjbGFzcz1oaWdobGlnaHQ+c3lzdGVtczwvc3Bhbj58fHRlc3QgcXVlc3Rpb25fMi4wNV9tb3JlMSJdLCJwYXRpZW50X2xpbmthZ2VfcyI6WyI8c3BhbiBjbGFzcz1oaWdobGlnaHQ+eWVzPC9zcGFuPiJdfX19fQ==",
        "expire_date": "2020-10-09T12:41:11.394Z"
    }
},
{
    "model": "sessions.session",
    "pk": "ai2hsr1o05x5nkxuwwi2mqjggaen724x",
    "fields": {
        "session_data": "YmJkOGYxODljODljOWQzZmZkZDI3YjVjYTVjMmZjZDkyM2Y2YzU1ZDp7Il9zZXNzaW9uX2V4cGlyeSI6MCwiX2F1dGhfdXNlcl9iYWNrZW5kIjoidXNlcmVuYS5iYWNrZW5kcy5Vc2VyZW5hQXV0aGVudGljYXRpb25CYWNrZW5kIiwiX2F1dGhfdXNlcl9oYXNoIjoiMzNlZmVhMTRjY2NkOWVhMTRiNzZkYWUwY2NkZTdjNGZjZDNlM2ZlMCIsIl9hdXRoX3VzZXJfaWQiOiIzIiwibGlzdF9vcmlnaW4iOiJhbGwifQ==",
        "expire_date": "2020-10-09T12:36:49.479Z"
    }
},
{
    "model": "sessions.session",
    "pk": "ajgomnslcj99rvvb0dt5ap9gsf3768vl",
    "fields": {
        "session_data": "YmJkOGYxODljODljOWQzZmZkZDI3YjVjYTVjMmZjZDkyM2Y2YzU1ZDp7Il9zZXNzaW9uX2V4cGlyeSI6MCwiX2F1dGhfdXNlcl9iYWNrZW5kIjoidXNlcmVuYS5iYWNrZW5kcy5Vc2VyZW5hQXV0aGVudGljYXRpb25CYWNrZW5kIiwiX2F1dGhfdXNlcl9oYXNoIjoiMzNlZmVhMTRjY2NkOWVhMTRiNzZkYWUwY2NkZTdjNGZjZDNlM2ZlMCIsIl9hdXRoX3VzZXJfaWQiOiIzIiwibGlzdF9vcmlnaW4iOiJhbGwifQ==",
        "expire_date": "2020-10-09T12:38:36.675Z"
    }
},
{
    "model": "sessions.session",
    "pk": "e2liboc72e12ky504fy8ej9ir9jz6cft",
    "fields": {
        "session_data": "MzQ0ZDdjZTg5NDQ4ZTkxZjhkNGZhMmFjZWY1NjZkN2I1OGQ5ZTc0NTp7Il9zZXNzaW9uX2V4cGlyeSI6MCwiX2F1dGhfdXNlcl9iYWNrZW5kIjoidXNlcmVuYS5iYWNrZW5kcy5Vc2VyZW5hQXV0aGVudGljYXRpb25CYWNrZW5kIiwiX2F1dGhfdXNlcl9oYXNoIjoiMzNlZmVhMTRjY2NkOWVhMTRiNzZkYWUwY2NkZTdjNGZjZDNlM2ZlMCIsIl9hdXRoX3VzZXJfaWQiOiIyIiwibGlzdF9vcmlnaW4iOiJhbGwifQ==",
        "expire_date": "2020-10-09T12:42:08.404Z"
    }
},
{
    "model": "sessions.session",
    "pk": "hwrda05lbiv12j3tzezrx57ziv81bzk1",
    "fields": {
        "session_data": "YmJkOGYxODljODljOWQzZmZkZDI3YjVjYTVjMmZjZDkyM2Y2YzU1ZDp7Il9zZXNzaW9uX2V4cGlyeSI6MCwiX2F1dGhfdXNlcl9iYWNrZW5kIjoidXNlcmVuYS5iYWNrZW5kcy5Vc2VyZW5hQXV0aGVudGljYXRpb25CYWNrZW5kIiwiX2F1dGhfdXNlcl9oYXNoIjoiMzNlZmVhMTRjY2NkOWVhMTRiNzZkYWUwY2NkZTdjNGZjZDNlM2ZlMCIsIl9hdXRoX3VzZXJfaWQiOiIzIiwibGlzdF9vcmlnaW4iOiJhbGwifQ==",
        "expire_date": "2020-10-09T12:37:46.355Z"
    }
},
{
    "model": "sessions.session",
    "pk": "vlxu4yxp8wtjdbw5tc44v6rd4zk2eb0f",
    "fields": {
        "session_data": "MzQ0ZDdjZTg5NDQ4ZTkxZjhkNGZhMmFjZWY1NjZkN2I1OGQ5ZTc0NTp7Il9zZXNzaW9uX2V4cGlyeSI6MCwiX2F1dGhfdXNlcl9iYWNrZW5kIjoidXNlcmVuYS5iYWNrZW5kcy5Vc2VyZW5hQXV0aGVudGljYXRpb25CYWNrZW5kIiwiX2F1dGhfdXNlcl9oYXNoIjoiMzNlZmVhMTRjY2NkOWVhMTRiNzZkYWUwY2NkZTdjNGZjZDNlM2ZlMCIsIl9hdXRoX3VzZXJfaWQiOiIyIiwibGlzdF9vcmlnaW4iOiJhbGwifQ==",
        "expire_date": "2020-10-09T12:42:36.417Z"
    }
},
{
    "model": "sessions.session",
    "pk": "z11nxqjowwsxr36a0n49zi5u8r78jbz7",
    "fields": {
        "session_data": "ZDM0MzMzZTkwMGUxN2E3NWYyOTJkNTBlOWUyNzk1NmFlMDFkOWRlMTp7Il9zZXNzaW9uX2V4cGlyeSI6MCwiX2F1dGhfdXNlcl9oYXNoIjoiMzNlZmVhMTRjY2NkOWVhMTRiNzZkYWUwY2NkZTdjNGZjZDNlM2ZlMCIsIl9hdXRoX3VzZXJfYmFja2VuZCI6InVzZXJlbmEuYmFja2VuZHMuVXNlcmVuYUF1dGhlbnRpY2F0aW9uQmFja2VuZCIsIl9hdXRoX3VzZXJfaWQiOiIzIn0=",
        "expire_date": "2020-10-09T12:39:25.545Z"
    }
},
{
    "model": "sites.site",
    "pk": 1,
    "fields": {
        "domain": "localhost",
        "name": "localhost"
    }
},
{
    "model": "flatpages.flatpage",
    "pk": 1,
    "fields": {
        "url": "/about/",
        "title": "<i class='fa fa-bookmark-o'></i> About",
        "content": "<h2>&nbsp;Disclaimer</h2>\r\n<p>The EMIF Catalogue is an on-going work of the IMI-funded research project EMIF (European Medical Information Framework). This system is continuously under development and we welcome your ideas and suggestions for improving this catalogue.&nbsp;<br />All provided data are still provisional. We make no warranty and cannot be held responsible for any information retrieved and displayed in this catalogue.&nbsp;<br /><br />Jos&eacute; Luis Oliveira (jlo@ua.pt)<br />University of Aveiro, Dept. Electronics, Telecommunications and Informatics (DETI / IEETA)</p>\r\n<hr />\r\n<h2>Available features:</h2>\r\n<h3>Regular user</h3>\r\n<ul>\r\n<li>Accounting management (users, databases, workspaces)</li>\r\n<li>Database management</li>\r\n<li>Submission and edition (with the former questionary)</li>\r\n<li>Inclusion of two distinct templates</li>\r\n<li>Observational data (Unfinished template)</li>\r\n<li>Cohorts (Dummy template)</li>\r\n<li>Simple search</li>\r\n<li>Advanced search</li>\r\n<li>Results comparison</li>\r\n</ul>\r\n<h3>Admin</h3>\r\n<ul>\r\n<li>Questions/fingerprints</li>\r\n<li>User</li>\r\n<li>Templates</li>\r\n</ul>\r\n<h2>Near term planned features:</h2>\r\n<ul>\r\n<li>Templates definition</li>\r\n<li>Enhance searching</li>\r\n</ul>\r\n<h2>Tutorial video:</h2>\r\n<p><iframe src='http://www.youtube.com/embed/gN0j3aP5vSk' width='560' height='315' allowfullscreen='' frameborder='0'></iframe></p>",
        "enable_comments": false,
        "template_name": "",
        "registration_required": false,
        "sites": [
            [
                "localhost"
            ]
        ]
    }
},
{
    "model": "flatpages.flatpage",
    "pk": 2,
    "fields": {
        "url": "/test/",
        "title": "Test",
        "content": "Teste",
        "enable_comments": false,
        "template_name": "",
        "registration_required": false,
        "sites": [
            [
                "localhost"
            ]
        ]
    }
},
{
    "model": "admin.logentry",
    "pk": 1,
    "fields": {
        "action_time": "2020-09-25T12:36:47.923Z",
        "user": [
            "user2"
        ],
        "content_type": [
            "community",
            "community"
        ],
        "object_id": "1",
        "object_repr": "test_community",
        "action_flag": 2,
        "change_message": "[{\"changed\": {\"fields\": [\"questionnaires\"]}}]"
    }
},
{
    "model": "admin.logentry",
    "pk": 2,
    "fields": {
        "action_time": "2020-09-25T12:36:59.029Z",
        "user": [
            "user2"
        ],
        "content_type": [
            "community",
            "communityuser"
        ],
        "object_id": "1",
        "object_repr": "user1Fname user1Lname - test_community",
        "action_flag": 3,
        "change_message": ""
    }
},
{
    "model": "admin.logentry",
    "pk": 3,
    "fields": {
        "action_time": "2020-09-25T12:37:07.458Z",
        "user": [
            "user2"
        ],
        "content_type": [
            "community",
            "communityuser"
        ],
        "object_id": "4",
        "object_repr": "user1Fname user1Lname - test_community",
        "action_flag": 1,
        "change_message": "[{\"added\": {}}]"
    }
},
{
    "model": "admin.logentry",
    "pk": 4,
    "fields": {
        "action_time": "2020-09-25T12:40:25.502Z",
        "user": [
            "user2"
        ],
        "content_type": [
            "community",
            "communityuser"
        ],
        "object_id": "4",
        "object_repr": "user1Fname user1Lname - test_community",
        "action_flag": 3,
        "change_message": ""
    }
},
{
    "model": "admin.logentry",
    "pk": 5,
    "fields": {
        "action_time": "2020-09-25T12:40:31.008Z",
        "user": [
            "user2"
        ],
        "content_type": [
            "community",
            "communityuser"
        ],
        "object_id": "5",
        "object_repr": "user1Fname user1Lname - test_community",
        "action_flag": 1,
        "change_message": "[{\"added\": {}}]"
    }
},
{
    "model": "admin.logentry",
    "pk": 6,
    "fields": {
        "action_time": "2020-09-25T12:41:28.017Z",
        "user": [
            "user2"
        ],
        "content_type": [
            "community",
            "communityuser"
        ],
        "object_id": "5",
        "object_repr": "user1Fname user1Lname - test_community",
        "action_flag": 3,
        "change_message": ""
    }
},
{
    "model": "admin.logentry",
    "pk": 7,
    "fields": {
        "action_time": "2020-09-25T12:41:37.604Z",
        "user": [
            "user2"
        ],
        "content_type": [
            "community",
            "communityuser"
        ],
        "object_id": "6",
        "object_repr": "user1Fname user1Lname - test_community",
        "action_flag": 1,
        "change_message": "[{\"added\": {}}]"
    }
},
{
    "model": "questionnaire.questionnaire",
    "pk": 1,
    "fields": {
        "name": "EHDEN_final",
        "short_description": "",
        "long_description": "",
        "logo": "",
        "redirect_url": "/",
        "slug": "ehden_final",
        "disable": "False",
        "in_preview": false,
        "preview_fingerprint": 1,
        "qsets": [
            1,
            2,
            3,
            4,
            5,
            6
        ]
    }
},
{
    "model": "questionnaire.questionset",
    "pk": 1,
    "fields": {
        "questionnaire": 1,
        "sortid": 0,
        "heading": "EHDEN_Questionnaire_Database",
        "checks": "required",
        "text_en": "h1. EHDEN Questionnaire Database",
        "help_text": "",
        "tooltip": false,
        "show_advanced": true
    }
},
{
    "model": "questionnaire.questionset",
    "pk": 2,
    "fields": {
        "questionnaire": 1,
        "sortid": 1,
        "heading": "general_information",
        "checks": "required",
        "text_en": "h1. Database General Information",
        "help_text": "Provide general information about a database, such as the name, acronym, institution details and main responsibles",
        "tooltip": true,
        "show_advanced": true
    }
},
{
    "model": "questionnaire.questionset",
    "pk": 3,
    "fields": {
        "questionnaire": 1,
        "sortid": 2,
        "heading": "observationaldatasources_Data_set_description_metadata",
        "checks": "required",
        "text_en": "h1. Database Description",
        "help_text": "",
        "tooltip": false,
        "show_advanced": true
    }
},
{
    "model": "questionnaire.questionset",
    "pk": 4,
    "fields": {
        "questionnaire": 1,
        "sortid": 4,
        "heading": "ehden_test2_technical-details",
        "checks": "required",
        "text_en": "h1. Technical Details",
        "help_text": "",
        "tooltip": false,
        "show_advanced": true
    }
},
{
    "model": "questionnaire.questionset",
    "pk": 5,
    "fields": {
        "questionnaire": 1,
        "sortid": 5,
        "heading": "governance_slug",
        "checks": "required",
        "text_en": "h1. Data Governance and Ethics",
        "help_text": "",
        "tooltip": false,
        "show_advanced": true
    }
},
{
    "model": "questionnaire.questionset",
    "pk": 6,
    "fields": {
        "questionnaire": 1,
        "sortid": 6,
        "heading": "publications_slug",
        "checks": "required",
        "text_en": "h1. Publications",
        "help_text": "",
        "tooltip": false,
        "show_advanced": true
    }
},
{
    "model": "questionnaire.questionsetpermissions",
    "pk": 1,
    "fields": {
        "fingerprint_id": 1,
        "qs": 2,
        "visibility": 0,
        "allow_indexing": true,
        "allow_exporting": true
    }
},
{
    "model": "questionnaire.questionsetpermissions",
    "pk": 2,
    "fields": {
        "fingerprint_id": 1,
        "qs": 3,
        "visibility": 0,
        "allow_indexing": true,
        "allow_exporting": true
    }
},
{
    "model": "questionnaire.questionsetpermissions",
    "pk": 3,
    "fields": {
        "fingerprint_id": 1,
        "qs": 4,
        "visibility": 0,
        "allow_indexing": true,
        "allow_exporting": true
    }
},
{
    "model": "questionnaire.questionsetpermissions",
    "pk": 4,
    "fields": {
        "fingerprint_id": 1,
        "qs": 5,
        "visibility": 0,
        "allow_indexing": true,
        "allow_exporting": true
    }
},
{
    "model": "questionnaire.questionsetpermissions",
    "pk": 5,
    "fields": {
        "fingerprint_id": 1,
        "qs": 6,
        "visibility": 0,
        "allow_indexing": true,
        "allow_exporting": true
    }
},
{
    "model": "questionnaire.questionsetpermissions",
    "pk": 6,
    "fields": {
        "fingerprint_id": 1,
        "qs": 1,
        "visibility": 0,
        "allow_indexing": true,
        "allow_exporting": true
    }
},
{
    "model": "questionnaire.questionsetpermissions",
    "pk": 7,
    "fields": {
        "fingerprint_id": 2,
        "qs": 2,
        "visibility": 0,
        "allow_indexing": true,
        "allow_exporting": true
    }
},
{
    "model": "questionnaire.questionsetpermissions",
    "pk": 8,
    "fields": {
        "fingerprint_id": 2,
        "qs": 3,
        "visibility": 0,
        "allow_indexing": true,
        "allow_exporting": true
    }
},
{
    "model": "questionnaire.questionsetpermissions",
    "pk": 9,
    "fields": {
        "fingerprint_id": 2,
        "qs": 4,
        "visibility": 0,
        "allow_indexing": true,
        "allow_exporting": true
    }
},
{
    "model": "questionnaire.questionsetpermissions",
    "pk": 10,
    "fields": {
        "fingerprint_id": 2,
        "qs": 5,
        "visibility": 0,
        "allow_indexing": true,
        "allow_exporting": true
    }
},
{
    "model": "questionnaire.questionsetpermissions",
    "pk": 11,
    "fields": {
        "fingerprint_id": 2,
        "qs": 6,
        "visibility": 0,
        "allow_indexing": true,
        "allow_exporting": true
    }
},
{
    "model": "questionnaire.question",
    "pk": 1,
    "fields": {
        "questionset": 2,
        "number": "1.01",
        "text_en": "h1. Acronym",
        "type": "open-button",
        "extra_en": null,
        "checks": "",
        "footer_en": "",
        "slug": "database_name",
        "slug_fk": 1,
        "help_text": "",
        "stats": true,
        "category": false,
        "tooltip": false,
        "visible_default": false,
        "mlt_ignore": false,
        "disposition": 0,
        "metadata": null,
        "show_advanced": true
    }
},
{
    "model": "questionnaire.question",
    "pk": 2,
    "fields": {
        "questionset": 2,
        "number": "1.02",
        "text_en": "h1. Name",
        "type": "open",
        "extra_en": null,
        "checks": "",
        "footer_en": "",
        "slug": "cohort_acronym",
        "slug_fk": 2,
        "help_text": "",
        "stats": true,
        "category": false,
        "tooltip": false,
        "visible_default": false,
        "mlt_ignore": false,
        "disposition": 0,
        "metadata": null,
        "show_advanced": true
    }
},
{
    "model": "questionnaire.question",
    "pk": 3,
    "fields": {
        "questionset": 2,
        "number": "1.03",
        "text_en": "h1. Institution name",
        "type": "open",
        "extra_en": null,
        "checks": "",
        "footer_en": "",
        "slug": "institution_name",
        "slug_fk": 3,
        "help_text": "",
        "stats": true,
        "category": false,
        "tooltip": false,
        "visible_default": false,
        "mlt_ignore": false,
        "disposition": 0,
        "metadata": null,
        "show_advanced": true
    }
},
{
    "model": "questionnaire.question",
    "pk": 4,
    "fields": {
        "questionset": 2,
        "number": "1.04",
        "text_en": "h1. Department name",
        "type": "open",
        "extra_en": null,
        "checks": "",
        "footer_en": "",
        "slug": "department_name",
        "slug_fk": 4,
        "help_text": "",
        "stats": true,
        "category": false,
        "tooltip": false,
        "visible_default": false,
        "mlt_ignore": false,
        "disposition": 0,
        "metadata": null,
        "show_advanced": true
    }
},
{
    "model": "questionnaire.question",
    "pk": 5,
    "fields": {
        "questionset": 2,
        "number": "1.05",
        "text_en": "h1. URL of the database website (if available)",
        "type": "url",
        "extra_en": null,
        "checks": "",
        "footer_en": "",
        "slug": "website_study ",
        "slug_fk": 5,
        "help_text": "",
        "stats": true,
        "category": false,
        "tooltip": false,
        "visible_default": false,
        "mlt_ignore": false,
        "disposition": 0,
        "metadata": null,
        "show_advanced": true
    }
},
{
    "model": "questionnaire.question",
    "pk": 6,
    "fields": {
        "questionset": 2,
        "number": "1.06",
        "text_en": "h1. Unit/centre website(if available)",
        "type": "url",
        "extra_en": null,
        "checks": "",
        "footer_en": "",
        "slug": "website_centre ",
        "slug_fk": 6,
        "help_text": "",
        "stats": true,
        "category": false,
        "tooltip": false,
        "visible_default": false,
        "mlt_ignore": false,
        "disposition": 0,
        "metadata": null,
        "show_advanced": true
    }
},
{
    "model": "questionnaire.question",
    "pk": 7,
    "fields": {
        "questionset": 2,
        "number": "1.07",
        "text_en": "h1. Principal Investigator (PI)",
        "type": "comment",
        "extra_en": null,
        "checks": "",
        "footer_en": "",
        "slug": "PI_cat",
        "slug_fk": 7,
        "help_text": "",
        "stats": false,
        "category": true,
        "tooltip": false,
        "visible_default": false,
        "mlt_ignore": false,
        "disposition": 0,
        "metadata": null,
        "show_advanced": false
    }
},
{
    "model": "questionnaire.question",
    "pk": 8,
    "fields": {
        "questionset": 2,
        "number": "1.07.01",
        "text_en": "h2. PI: Name",
        "type": "open",
        "extra_en": null,
        "checks": "",
        "footer_en": "",
        "slug": "name_PI",
        "slug_fk": 8,
        "help_text": "",
        "stats": true,
        "category": false,
        "tooltip": false,
        "visible_default": false,
        "mlt_ignore": false,
        "disposition": 0,
        "metadata": null,
        "show_advanced": true
    }
},
{
    "model": "questionnaire.question",
    "pk": 9,
    "fields": {
        "questionset": 2,
        "number": "1.07.02",
        "text_en": "h2. PI: Address",
        "type": "open",
        "extra_en": null,
        "checks": "",
        "footer_en": "",
        "slug": "PI__Address",
        "slug_fk": 9,
        "help_text": "",
        "stats": true,
        "category": false,
        "tooltip": false,
        "visible_default": false,
        "mlt_ignore": false,
        "disposition": 0,
        "metadata": null,
        "show_advanced": true
    }
},
{
    "model": "questionnaire.question",
    "pk": 10,
    "fields": {
        "questionset": 2,
        "number": "1.07.03",
        "text_en": "h2. PI: Email",
        "type": "email",
        "extra_en": null,
        "checks": "",
        "footer_en": "",
        "slug": "email_PI",
        "slug_fk": 10,
        "help_text": "",
        "stats": true,
        "category": false,
        "tooltip": false,
        "visible_default": false,
        "mlt_ignore": false,
        "disposition": 0,
        "metadata": null,
        "show_advanced": true
    }
},
{
    "model": "questionnaire.question",
    "pk": 11,
    "fields": {
        "questionset": 2,
        "number": "1.07.04",
        "text_en": "h2. PI: Phone",
        "type": "open",
        "extra_en": null,
        "checks": "",
        "footer_en": "",
        "slug": "PI__phone",
        "slug_fk": 11,
        "help_text": "",
        "stats": true,
        "category": false,
        "tooltip": false,
        "visible_default": false,
        "mlt_ignore": false,
        "disposition": 0,
        "metadata": null,
        "show_advanced": true
    }
},
{
    "model": "questionnaire.question",
    "pk": 12,
    "fields": {
        "questionset": 2,
        "number": "1.08",
        "text_en": "h1. Scientific Contact (SC)",
        "type": "comment",
        "extra_en": null,
        "checks": "",
        "footer_en": "",
        "slug": "SC_cat",
        "slug_fk": 12,
        "help_text": "",
        "stats": false,
        "category": true,
        "tooltip": false,
        "visible_default": false,
        "mlt_ignore": false,
        "disposition": 0,
        "metadata": null,
        "show_advanced": false
    }
},
{
    "model": "questionnaire.question",
    "pk": 13,
    "fields": {
        "questionset": 2,
        "number": "1.08.01",
        "text_en": "h2. SC: Name",
        "type": "open",
        "extra_en": null,
        "checks": "",
        "footer_en": "",
        "slug": "Scientific_Contact__SC___Name",
        "slug_fk": 13,
        "help_text": "",
        "stats": true,
        "category": false,
        "tooltip": false,
        "visible_default": false,
        "mlt_ignore": false,
        "disposition": 0,
        "metadata": null,
        "show_advanced": true
    }
},
{
    "model": "questionnaire.question",
    "pk": 14,
    "fields": {
        "questionset": 2,
        "number": "1.08.02",
        "text_en": "h2. SC: Address",
        "type": "open",
        "extra_en": null,
        "checks": "",
        "footer_en": "",
        "slug": "SC__Address",
        "slug_fk": 14,
        "help_text": "",
        "stats": true,
        "category": false,
        "tooltip": false,
        "visible_default": false,
        "mlt_ignore": false,
        "disposition": 0,
        "metadata": null,
        "show_advanced": true
    }
},
{
    "model": "questionnaire.question",
    "pk": 15,
    "fields": {
        "questionset": 2,
        "number": "1.08.03",
        "text_en": "h2. SC: Email",
        "type": "email",
        "extra_en": null,
        "checks": "",
        "footer_en": "",
        "slug": "SC__email",
        "slug_fk": 15,
        "help_text": "",
        "stats": true,
        "category": false,
        "tooltip": false,
        "visible_default": false,
        "mlt_ignore": false,
        "disposition": 0,
        "metadata": null,
        "show_advanced": true
    }
},
{
    "model": "questionnaire.question",
    "pk": 16,
    "fields": {
        "questionset": 2,
        "number": "1.08.04",
        "text_en": "h2. SC: Phone",
        "type": "open",
        "extra_en": null,
        "checks": "",
        "footer_en": "",
        "slug": "SC__phone",
        "slug_fk": 16,
        "help_text": "",
        "stats": true,
        "category": false,
        "tooltip": false,
        "visible_default": false,
        "mlt_ignore": false,
        "disposition": 0,
        "metadata": null,
        "show_advanced": true
    }
},
{
    "model": "questionnaire.question",
    "pk": 17,
    "fields": {
        "questionset": 2,
        "number": "1.09",
        "text_en": "h1. Administrative Contact (AC)",
        "type": "comment",
        "extra_en": null,
        "checks": "",
        "footer_en": "",
        "slug": "AC_cat",
        "slug_fk": 17,
        "help_text": "",
        "stats": false,
        "category": true,
        "tooltip": false,
        "visible_default": false,
        "mlt_ignore": false,
        "disposition": 0,
        "metadata": null,
        "show_advanced": false
    }
},
{
    "model": "questionnaire.question",
    "pk": 18,
    "fields": {
        "questionset": 2,
        "number": "1.09.01",
        "text_en": "h2. AC : Name",
        "type": "open",
        "extra_en": null,
        "checks": "",
        "footer_en": "",
        "slug": "Administrative_Contact__AC___Name",
        "slug_fk": 18,
        "help_text": "",
        "stats": true,
        "category": false,
        "tooltip": false,
        "visible_default": false,
        "mlt_ignore": false,
        "disposition": 0,
        "metadata": null,
        "show_advanced": true
    }
},
{
    "model": "questionnaire.question",
    "pk": 19,
    "fields": {
        "questionset": 2,
        "number": "1.09.02",
        "text_en": "h2. AC: Address",
        "type": "open",
        "extra_en": null,
        "checks": "",
        "footer_en": "",
        "slug": "AC__Address",
        "slug_fk": 19,
        "help_text": "",
        "stats": true,
        "category": false,
        "tooltip": false,
        "visible_default": false,
        "mlt_ignore": false,
        "disposition": 0,
        "metadata": null,
        "show_advanced": true
    }
},
{
    "model": "questionnaire.question",
    "pk": 20,
    "fields": {
        "questionset": 2,
        "number": "1.09.03",
        "text_en": "h2. AC: Email",
        "type": "email",
        "extra_en": null,
        "checks": "",
        "footer_en": "",
        "slug": "AC__email",
        "slug_fk": 20,
        "help_text": "",
        "stats": true,
        "category": false,
        "tooltip": false,
        "visible_default": false,
        "mlt_ignore": false,
        "disposition": 0,
        "metadata": null,
        "show_advanced": true
    }
},
{
    "model": "questionnaire.question",
    "pk": 21,
    "fields": {
        "questionset": 2,
        "number": "1.09.04",
        "text_en": "h2. AC: Phone",
        "type": "open",
        "extra_en": null,
        "checks": "",
        "footer_en": "",
        "slug": "AC__phone",
        "slug_fk": 21,
        "help_text": "",
        "stats": true,
        "category": false,
        "tooltip": false,
        "visible_default": false,
        "mlt_ignore": false,
        "disposition": 0,
        "metadata": null,
        "show_advanced": true
    }
},
{
    "model": "questionnaire.question",
    "pk": 22,
    "fields": {
        "questionset": 2,
        "number": "1.10",
        "text_en": "h1. Technical Contact/Data manager (TC)",
        "type": "comment",
        "extra_en": null,
        "checks": "",
        "footer_en": "",
        "slug": "TC_cat",
        "slug_fk": 22,
        "help_text": "",
        "stats": false,
        "category": true,
        "tooltip": false,
        "visible_default": false,
        "mlt_ignore": false,
        "disposition": 0,
        "metadata": null,
        "show_advanced": false
    }
},
{
    "model": "questionnaire.question",
    "pk": 23,
    "fields": {
        "questionset": 2,
        "number": "1.10.01",
        "text_en": "h2. TC: Name",
        "type": "open",
        "extra_en": null,
        "checks": "",
        "footer_en": "",
        "slug": "Technical_Contact_Data_manager__TC___Name",
        "slug_fk": 23,
        "help_text": "",
        "stats": true,
        "category": false,
        "tooltip": false,
        "visible_default": false,
        "mlt_ignore": false,
        "disposition": 0,
        "metadata": null,
        "show_advanced": true
    }
},
{
    "model": "questionnaire.question",
    "pk": 24,
    "fields": {
        "questionset": 2,
        "number": "1.10.02",
        "text_en": "h2. TC: Address",
        "type": "open",
        "extra_en": null,
        "checks": "",
        "footer_en": "",
        "slug": "TC__Address",
        "slug_fk": 24,
        "help_text": "",
        "stats": true,
        "category": false,
        "tooltip": false,
        "visible_default": false,
        "mlt_ignore": false,
        "disposition": 0,
        "metadata": null,
        "show_advanced": true
    }
},
{
    "model": "questionnaire.question",
    "pk": 25,
    "fields": {
        "questionset": 2,
        "number": "1.10.03",
        "text_en": "h2. TC: Email",
        "type": "email",
        "extra_en": null,
        "checks": "",
        "footer_en": "",
        "slug": "TC__email",
        "slug_fk": 25,
        "help_text": "",
        "stats": true,
        "category": false,
        "tooltip": false,
        "visible_default": false,
        "mlt_ignore": false,
        "disposition": 0,
        "metadata": null,
        "show_advanced": true
    }
},
{
    "model": "questionnaire.question",
    "pk": 26,
    "fields": {
        "questionset": 2,
        "number": "1.10.04",
        "text_en": "h2. TC: Phone",
        "type": "open",
        "extra_en": null,
        "checks": "",
        "footer_en": "",
        "slug": "TC__phone",
        "slug_fk": 26,
        "help_text": "",
        "stats": true,
        "category": false,
        "tooltip": false,
        "visible_default": false,
        "mlt_ignore": false,
        "disposition": 0,
        "metadata": null,
        "show_advanced": true
    }
},
{
    "model": "questionnaire.question",
    "pk": 27,
    "fields": {
        "questionset": 3,
        "number": "2.01",
        "text_en": "h1. Summary",
        "type": "open-textfield",
        "extra_en": null,
        "checks": "",
        "footer_en": "",
        "slug": "database_description",
        "slug_fk": 27,
        "help_text": "Please provide a brief description of the database",
        "stats": true,
        "category": false,
        "tooltip": false,
        "visible_default": false,
        "mlt_ignore": false,
        "disposition": 0,
        "metadata": null,
        "show_advanced": true
    }
},
{
    "model": "questionnaire.question",
    "pk": 28,
    "fields": {
        "questionset": 3,
        "number": "2.02",
        "text_en": "h1. What is the database type?",
        "type": "choice-multiple-freeform",
        "extra_en": null,
        "checks": "",
        "footer_en": "",
        "slug": "How_would_you_characterize_your_database",
        "slug_fk": 28,
        "help_text": "Please indicate which of the statements would apply to your data base. More than one statement may apply and can be selected. If your data base is a disease (e.g., a diabetes cohort) or event (e.g., birth) registry, also please identify the disease or event.If your data base is a study-specific registry (e.g., a cohort of subjects using a specific medication), please describe the inclusion criteria.If you feel an important characteristic is missing, please select \u201cother\u201d and specify that characteristic.",
        "stats": true,
        "category": false,
        "tooltip": true,
        "visible_default": false,
        "mlt_ignore": false,
        "disposition": 0,
        "metadata": null,
        "show_advanced": true
    }
},
{
    "model": "questionnaire.question",
    "pk": 29,
    "fields": {
        "questionset": 3,
        "number": "2.03",
        "text_en": "h1. Is patient-based linkage possible with other sources of information?",
        "type": "choice-yesno",
        "extra_en": null,
        "checks": "",
        "footer_en": "",
        "slug": "patient_linkage",
        "slug_fk": 29,
        "help_text": "Can subjects in your data base be linked to other data data bases? If linkage is possible, please specify the other data sources you have linked with in the past.",
        "stats": true,
        "category": false,
        "tooltip": true,
        "visible_default": false,
        "mlt_ignore": false,
        "disposition": 0,
        "metadata": null,
        "show_advanced": true
    }
},
{
    "model": "questionnaire.question",
    "pk": 30,
    "fields": {
        "questionset": 3,
        "number": "2.04",
        "text_en": "h1. Data continuity",
        "type": "choice",
        "extra_en": null,
        "checks": "",
        "footer_en": "",
        "slug": "data_continuity",
        "slug_fk": 30,
        "help_text": "",
        "stats": true,
        "category": false,
        "tooltip": false,
        "visible_default": false,
        "mlt_ignore": false,
        "disposition": 0,
        "metadata": null,
        "show_advanced": true
    }
},
{
    "model": "questionnaire.question",
    "pk": 31,
    "fields": {
        "questionset": 3,
        "number": "2.05",
        "text_en": "h1. What data capture process(es) are used? ",
        "type": "choice-multiple-freeform",
        "extra_en": null,
        "checks": "",
        "footer_en": "",
        "slug": "what-data-capture-processes-are-used",
        "slug_fk": 31,
        "help_text": "Please indicate which of the types apply. More than one statement may apply and can be selected. You can also specify your own type by selecting \"other\".",
        "stats": true,
        "category": false,
        "tooltip": true,
        "visible_default": false,
        "mlt_ignore": false,
        "disposition": 0,
        "metadata": null,
        "show_advanced": true
    }
},
{
    "model": "questionnaire.question",
    "pk": 32,
    "fields": {
        "questionset": 3,
        "number": "2.06",
        "text_en": "h1. From which country is the data originating?",
        "type": "location",
        "extra_en": null,
        "checks": "",
        "footer_en": "",
        "slug": "location",
        "slug_fk": 32,
        "help_text": "Specify the country.",
        "stats": true,
        "category": false,
        "tooltip": true,
        "visible_default": false,
        "mlt_ignore": false,
        "disposition": 0,
        "metadata": null,
        "show_advanced": false
    }
},
{
    "model": "questionnaire.question",
    "pk": 33,
    "fields": {
        "questionset": 3,
        "number": "2.07",
        "text_en": "h1. What is the geographic coverage?",
        "type": "choice-multiple-freeform",
        "extra_en": null,
        "checks": "",
        "footer_en": "",
        "slug": "location_coverage",
        "slug_fk": 33,
        "help_text": "Describe the geographic coverage of the patient population.",
        "stats": true,
        "category": false,
        "tooltip": true,
        "visible_default": false,
        "mlt_ignore": false,
        "disposition": 0,
        "metadata": null,
        "show_advanced": true
    }
},
{
    "model": "questionnaire.question",
    "pk": 34,
    "fields": {
        "questionset": 3,
        "number": "2.08",
        "text_en": "h1. Is the database containing patients with a specific socioeconomic status? If so, specify the population.",
        "type": "open",
        "extra_en": null,
        "checks": "",
        "footer_en": "",
        "slug": "is-the-database-containing-patients-with-a-specifi",
        "slug_fk": 34,
        "help_text": "",
        "stats": true,
        "category": false,
        "tooltip": false,
        "visible_default": false,
        "mlt_ignore": false,
        "disposition": 0,
        "metadata": null,
        "show_advanced": true
    }
},
{
    "model": "questionnaire.question",
    "pk": 35,
    "fields": {
        "questionset": 3,
        "number": "2.09",
        "text_en": "h1. Is the database containing patients from a specific insurance system?",
        "type": "choice-multiple-freeform",
        "extra_en": null,
        "checks": "",
        "footer_en": "",
        "slug": "is-the-database-containing-patients-from-a-specifi",
        "slug_fk": 35,
        "help_text": "Please indicate which of the types apply. More than one statement may apply and can be selected. You can also specify your own type by selecting \"other\".",
        "stats": true,
        "category": false,
        "tooltip": true,
        "visible_default": false,
        "mlt_ignore": false,
        "disposition": 0,
        "metadata": null,
        "show_advanced": true
    }
},
{
    "model": "questionnaire.question",
    "pk": 36,
    "fields": {
        "questionset": 3,
        "number": "2.10",
        "text_en": "h1. What care setting(s) are covered?",
        "type": "choice-multiple-freeform",
        "extra_en": null,
        "checks": "",
        "footer_en": "",
        "slug": "what-care-settings-are-covered",
        "slug_fk": 36,
        "help_text": "Please indicate which of the types apply. More than one statement may apply and can be selected. You can also specify your own type by selecting \"other\".",
        "stats": true,
        "category": false,
        "tooltip": true,
        "visible_default": false,
        "mlt_ignore": false,
        "disposition": 0,
        "metadata": null,
        "show_advanced": true
    }
},
{
    "model": "questionnaire.question",
    "pk": 37,
    "fields": {
        "questionset": 3,
        "number": "2.11",
        "text_en": "h1. What are the possible causes for a person to enter/exit your database?",
        "type": "choice-multiple-freeform",
        "extra_en": null,
        "checks": "",
        "footer_en": "",
        "slug": "What_are_the_possible_causes_for_a_person_to_enter",
        "slug_fk": 37,
        "help_text": "Please indicate the reasons for a subject to enter or leave your data base. ",
        "stats": true,
        "category": false,
        "tooltip": true,
        "visible_default": false,
        "mlt_ignore": false,
        "disposition": 0,
        "metadata": null,
        "show_advanced": true
    }
},
{
    "model": "questionnaire.question",
    "pk": 38,
    "fields": {
        "questionset": 3,
        "number": "2.12",
        "text_en": "h1. What is the frequency of source data updates?",
        "type": "choice-multiple-freeform",
        "extra_en": null,
        "checks": "",
        "footer_en": "",
        "slug": "what-is-the-frequency-of-source-data-updates",
        "slug_fk": 38,
        "help_text": "For example monthly, yearly.",
        "stats": true,
        "category": false,
        "tooltip": true,
        "visible_default": false,
        "mlt_ignore": false,
        "disposition": 0,
        "metadata": null,
        "show_advanced": true
    }
},
{
    "model": "questionnaire.question",
    "pk": 39,
    "fields": {
        "questionset": 3,
        "number": "2.13",
        "text_en": "h1. Do you have a publically available database description?",
        "type": "open-textfield",
        "extra_en": null,
        "checks": "",
        "footer_en": "",
        "slug": "If_you_have_a_documented_data_dictionary_are_you_",
        "slug_fk": 39,
        "help_text": "If you have a publically available database description please share the link",
        "stats": true,
        "category": false,
        "tooltip": true,
        "visible_default": false,
        "mlt_ignore": false,
        "disposition": 0,
        "metadata": null,
        "show_advanced": true
    }
},
{
    "model": "questionnaire.question",
    "pk": 40,
    "fields": {
        "questionset": 4,
        "number": "4.01",
        "text_en": "h1. What is the source version ID?",
        "type": "open",
        "extra_en": null,
        "checks": "",
        "footer_en": "",
        "slug": "what-is-the-source-version-id",
        "slug_fk": 40,
        "help_text": "Specify the version of the data that is mapped to the CDM",
        "stats": true,
        "category": false,
        "tooltip": true,
        "visible_default": false,
        "mlt_ignore": false,
        "disposition": 0,
        "metadata": null,
        "show_advanced": true
    }
},
{
    "model": "questionnaire.question",
    "pk": 41,
    "fields": {
        "questionset": 4,
        "number": "4.02",
        "text_en": "h1. When was the source data released?",
        "type": "datepicker",
        "extra_en": null,
        "checks": "",
        "footer_en": "",
        "slug": "when-was-the-source-data-released",
        "slug_fk": 41,
        "help_text": "Release date of the source data version that was mapped to the CDM.",
        "stats": true,
        "category": false,
        "tooltip": true,
        "visible_default": false,
        "mlt_ignore": false,
        "disposition": 0,
        "metadata": null,
        "show_advanced": false
    }
},
{
    "model": "questionnaire.question",
    "pk": 42,
    "fields": {
        "questionset": 4,
        "number": "4.03",
        "text_en": "h1. When was the first CDM version created?",
        "type": "datepicker",
        "extra_en": null,
        "checks": "",
        "footer_en": "",
        "slug": "when-was-the-first-cdm-version-created",
        "slug_fk": 42,
        "help_text": "Date of first CDM version",
        "stats": true,
        "category": false,
        "tooltip": true,
        "visible_default": false,
        "mlt_ignore": false,
        "disposition": 0,
        "metadata": null,
        "show_advanced": true
    }
},
{
    "model": "questionnaire.question",
    "pk": 43,
    "fields": {
        "questionset": 4,
        "number": "4.04",
        "text_en": "h1. What database management system is used for the CDM database?",
        "type": "choice-multiple-freeform",
        "extra_en": null,
        "checks": "",
        "footer_en": "",
        "slug": "what-database-management-system-is-used-for-the-cd",
        "slug_fk": 43,
        "help_text": "Please provide what data management system your database uses?",
        "stats": true,
        "category": false,
        "tooltip": true,
        "visible_default": false,
        "mlt_ignore": false,
        "disposition": 0,
        "metadata": null,
        "show_advanced": true
    }
},
{
    "model": "questionnaire.question",
    "pk": 44,
    "fields": {
        "questionset": 4,
        "number": "4.05",
        "text_en": "h1. Provide a link to public ETL documentation if available.",
        "type": "open-textfield",
        "extra_en": null,
        "checks": "",
        "footer_en": "",
        "slug": "provide-a-link-to-public-etl-documentation-if-avai",
        "slug_fk": 44,
        "help_text": "",
        "stats": true,
        "category": false,
        "tooltip": false,
        "visible_default": false,
        "mlt_ignore": false,
        "disposition": 0,
        "metadata": null,
        "show_advanced": true
    }
},
{
    "model": "questionnaire.question",
    "pk": 45,
    "fields": {
        "questionset": 4,
        "number": "4.06",
        "text_en": "h1. Have there been previous efforts to convert the data set to the OMOP Common Data Model? If yes, by whom?",
        "type": "open",
        "extra_en": null,
        "checks": "",
        "footer_en": "",
        "slug": "can-you-provide-information-about-the-whether-othe",
        "slug_fk": 45,
        "help_text": "Have there been previous efforts to convert the data set to the OMOP Common Data Model?",
        "stats": true,
        "category": false,
        "tooltip": true,
        "visible_default": false,
        "mlt_ignore": false,
        "disposition": 0,
        "metadata": null,
        "show_advanced": true
    }
},
{
    "model": "questionnaire.question",
    "pk": 46,
    "fields": {
        "questionset": 4,
        "number": "4.07",
        "text_en": "h1. Are there any categories of data you have available in the source which cannot be stored in the CDM?",
        "type": "open-textfield",
        "extra_en": null,
        "checks": "",
        "footer_en": "",
        "slug": "is-there-any-categories-of-data-you-have-available",
        "slug_fk": 46,
        "help_text": "If you have categories of data available that are not listed in the previous sections, please describe these categories in free text.",
        "stats": true,
        "category": false,
        "tooltip": true,
        "visible_default": false,
        "mlt_ignore": false,
        "disposition": 0,
        "metadata": null,
        "show_advanced": true
    }
},
{
    "model": "questionnaire.question",
    "pk": 47,
    "fields": {
        "questionset": 5,
        "number": "5.01",
        "text_en": "h1. Do you have an ethical committe/governance board?",
        "type": "choice-yesno",
        "extra_en": null,
        "checks": "",
        "footer_en": "",
        "slug": "do-you-have-an-ethical-committegovernance-board",
        "slug_fk": 47,
        "help_text": "Do you have an ethical committe/governance board?",
        "stats": true,
        "category": false,
        "tooltip": true,
        "visible_default": false,
        "mlt_ignore": false,
        "disposition": 0,
        "metadata": null,
        "show_advanced": true
    }
},
{
    "model": "questionnaire.question",
    "pk": 48,
    "fields": {
        "questionset": 5,
        "number": "5.02",
        "text_en": "h1. Do you have a publically available document that details the procedure by which approval can be requested?",
        "type": "choice-yesno",
        "extra_en": null,
        "checks": "",
        "footer_en": "",
        "slug": "do-you-have-a-publically-available-document-that-d",
        "slug_fk": 48,
        "help_text": "Do you have a publically available document that details the procedure for obtaining approval for a study. ",
        "stats": true,
        "category": false,
        "tooltip": true,
        "visible_default": false,
        "mlt_ignore": false,
        "disposition": 0,
        "metadata": null,
        "show_advanced": true
    }
},
{
    "model": "questionnaire.question",
    "pk": 49,
    "fields": {
        "questionset": 5,
        "number": "5.03",
        "text_en": "h1. Describe briefly the process of obtaining approval",
        "type": "open-textfield",
        "extra_en": null,
        "checks": "",
        "footer_en": "",
        "slug": "describe-briefly-the-process-of-obtaining-approval",
        "slug_fk": 49,
        "help_text": "Please describe in text the process by which approval for a study can be obtained. Please add a link to the document if possible.",
        "stats": true,
        "category": false,
        "tooltip": true,
        "visible_default": false,
        "mlt_ignore": false,
        "disposition": 0,
        "metadata": null,
        "show_advanced": true
    }
},
{
    "model": "questionnaire.question",
    "pk": 50,
    "fields": {
        "questionset": 5,
        "number": "5.04",
        "text_en": "h1. What is the average duration of the approval process in weeks?",
        "type": "numeric",
        "extra_en": null,
        "checks": "",
        "footer_en": "",
        "slug": "what-is-the-average-duration-of-the-approval-proce",
        "slug_fk": 50,
        "help_text": "Provide the average duration of the process to get governance board approval. In weeks.",
        "stats": true,
        "category": false,
        "tooltip": true,
        "visible_default": false,
        "mlt_ignore": false,
        "disposition": 0,
        "metadata": null,
        "show_advanced": true
    }
},
{
    "model": "questionnaire.question",
    "pk": 51,
    "fields": {
        "questionset": 5,
        "number": "5.05",
        "text_en": "h1. Which studies have to be registered to ENCePP?",
        "type": "open",
        "extra_en": null,
        "checks": "",
        "footer_en": "",
        "slug": "which-studies-have-to-be-registered-to-encepp",
        "slug_fk": 51,
        "help_text": "Provide insight which type of studies need to be registered according to the governance rules.",
        "stats": true,
        "category": false,
        "tooltip": true,
        "visible_default": false,
        "mlt_ignore": false,
        "disposition": 0,
        "metadata": null,
        "show_advanced": true
    }
},
{
    "model": "questionnaire.question",
    "pk": 52,
    "fields": {
        "questionset": 5,
        "number": "5.06",
        "text_en": "h1. Are there any areas of use or research that have been explicitly barred by approval bodies or participants?",
        "type": "open-textfield",
        "extra_en": null,
        "checks": "",
        "footer_en": "",
        "slug": "are-there-any-areas-of-use-or-research-that-have-b",
        "slug_fk": 52,
        "help_text": "Please describe in text if there are there any areas of use or topics of research that have been explicitly barred by approval bodies or participants?",
        "stats": true,
        "category": false,
        "tooltip": true,
        "visible_default": false,
        "mlt_ignore": false,
        "disposition": 0,
        "metadata": null,
        "show_advanced": true
    }
},
{
    "model": "questionnaire.question",
    "pk": 53,
    "fields": {
        "questionset": 5,
        "number": "5.07",
        "text_en": "h1. Are you authorized to share aggregated analysis results for research purposes? ",
        "type": "open-textfield",
        "extra_en": null,
        "checks": "",
        "footer_en": "",
        "slug": "are-you-authorized-to-share-aggregated-analysis-re",
        "slug_fk": 53,
        "help_text": "Please describe if or under which conditions you are allowed to share aggregated (non patient-level) analysis results for research purposes.",
        "stats": true,
        "category": false,
        "tooltip": true,
        "visible_default": false,
        "mlt_ignore": false,
        "disposition": 0,
        "metadata": null,
        "show_advanced": true
    }
},
{
    "model": "questionnaire.question",
    "pk": 54,
    "fields": {
        "questionset": 5,
        "number": "5.08",
        "text_en": "h1. Are you able to contact the health care provider to obtain additional information about the patient?",
        "type": "choice-yesno",
        "extra_en": null,
        "checks": "",
        "footer_en": "",
        "slug": "are-you-able-to-contact-the-health-care-provider-t",
        "slug_fk": 54,
        "help_text": "Are you able to contact the care provider to obtain additional information about the patient (e.g., request discharge letters).",
        "stats": true,
        "category": false,
        "tooltip": true,
        "visible_default": false,
        "mlt_ignore": false,
        "disposition": 0,
        "metadata": null,
        "show_advanced": true
    }
},
{
    "model": "questionnaire.question",
    "pk": 55,
    "fields": {
        "questionset": 5,
        "number": "5.09",
        "text_en": "h1. Are you able to contact the patient to obtain additional information?",
        "type": "choice-yesno",
        "extra_en": null,
        "checks": "",
        "footer_en": "",
        "slug": "are-you-able-to-contact-the-patient-to-obtain-addi",
        "slug_fk": 55,
        "help_text": "Are you able to contact the patient to obtain additional information directly from the patient.",
        "stats": true,
        "category": false,
        "tooltip": true,
        "visible_default": false,
        "mlt_ignore": false,
        "disposition": 0,
        "metadata": null,
        "show_advanced": true
    }
},
{
    "model": "questionnaire.question",
    "pk": 56,
    "fields": {
        "questionset": 5,
        "number": "5.10",
        "text_en": "h1. Are you able to obtain bio samples from the patient?",
        "type": "choice-yesno",
        "extra_en": null,
        "checks": "",
        "footer_en": "",
        "slug": "are-you-able-to-obtain-bio-samples-from-the-patien",
        "slug_fk": 56,
        "help_text": "Are you able to obtain bio samples (e.g. blood) from the patient.",
        "stats": true,
        "category": false,
        "tooltip": true,
        "visible_default": false,
        "mlt_ignore": false,
        "disposition": 0,
        "metadata": null,
        "show_advanced": true
    }
},
{
    "model": "questionnaire.question",
    "pk": 57,
    "fields": {
        "questionset": 5,
        "number": "5.11",
        "text_en": "h1. Describe if additional information can be obtained from the patients (for example information about air pollution).",
        "type": "open-textfield",
        "extra_en": null,
        "checks": "",
        "footer_en": "",
        "slug": "are-you-able-to-gather-additional-information-abou",
        "slug_fk": 57,
        "help_text": "Are you able to provide additional information about the setting of the patient. The information might, for example, include levels of air pollution, or whether the patient lives in a rural or urban setting. Please provide this information in free text.",
        "stats": true,
        "category": false,
        "tooltip": true,
        "visible_default": false,
        "mlt_ignore": false,
        "disposition": 0,
        "metadata": null,
        "show_advanced": true
    }
},
{
    "model": "questionnaire.question",
    "pk": 58,
    "fields": {
        "questionset": 6,
        "number": "6.01",
        "text_en": "h1. List of peer-reviewed papers based on your data base covering the last 5 years",
        "type": "publication",
        "extra_en": null,
        "checks": "",
        "footer_en": "",
        "slug": "list-of-peer-reviewed-papers-based-on-your-data-ba",
        "slug_fk": 58,
        "help_text": "Please provide a list (preferable open-textfield) of peer-reviewed publications from your data base that have appeared in the literature in the past 5 years year).",
        "stats": true,
        "category": false,
        "tooltip": true,
        "visible_default": false,
        "mlt_ignore": false,
        "disposition": 0,
        "metadata": null,
        "show_advanced": true
    }
},
{
    "model": "questionnaire.question",
    "pk": 59,
    "fields": {
        "questionset": 6,
        "number": "6.02",
        "text_en": "h1. For each of the following types of documents, check those that you would accept to share with other members of the PIONEER community and specify how to obtain them, by email or Web site (please use the last box).",
        "type": "choice-multiple-freeform",
        "extra_en": null,
        "checks": "",
        "footer_en": "",
        "slug": "for-each-of-the-following-types-of-documents-chec",
        "slug_fk": 59,
        "help_text": "For each of the specified classes of documents (Patient Information, Access Policies, Data Access Agreement, Governance/ethics documentation, Data Dictionary, Data Model), please indicate if you are willing to share the documents with other users of the EMIF catalogue. If you are willing to share, please indicate how others could obtain the documentation (download form web site or request by email).",
        "stats": true,
        "category": false,
        "tooltip": true,
        "visible_default": false,
        "mlt_ignore": false,
        "disposition": 0,
        "metadata": null,
        "show_advanced": true
    }
},
{
    "model": "questionnaire.question",
    "pk": 60,
    "fields": {
        "questionset": 6,
        "number": "6.03",
        "text_en": "h1. Any other documents to share? Please add URLs, one for each line.",
        "type": "open-textfield",
        "extra_en": null,
        "checks": "",
        "footer_en": "",
        "slug": "any-other-documents-to-share-please-add-urls-one",
        "slug_fk": 60,
        "help_text": "",
        "stats": true,
        "category": false,
        "tooltip": false,
        "visible_default": false,
        "mlt_ignore": false,
        "disposition": 0,
        "metadata": null,
        "show_advanced": true
    }
},
{
    "model": "questionnaire.choice",
    "pk": 1,
    "fields": {
        "question": 28,
        "sortid": 1,
        "value": "the source of data is primary care records maintained by GP or pediatrician",
        "text_en": "the source of data is primary care records maintained by GP or pediatrician",
        "opt": true
    }
},
{
    "model": "questionnaire.choice",
    "pk": 2,
    "fields": {
        "question": 28,
        "sortid": 2,
        "value": "the source of data is care provided by specialist in an outpatient setting",
        "text_en": "the source of data is care provided by specialist in an outpatient setting",
        "opt": true
    }
},
{
    "model": "questionnaire.choice",
    "pk": 3,
    "fields": {
        "question": 28,
        "sortid": 3,
        "value": "the source of data is the hospital where the patient is admitted",
        "text_en": "the source of data is the hospital where the patient is admitted",
        "opt": true
    }
},
{
    "model": "questionnaire.choice",
    "pk": 4,
    "fields": {
        "question": 28,
        "sortid": 4,
        "value": "the source of data is the general pharmacy that issues medication",
        "text_en": "the source of data is the general pharmacy that issues medication",
        "opt": true
    }
},
{
    "model": "questionnaire.choice",
    "pk": 5,
    "fields": {
        "question": 28,
        "sortid": 5,
        "value": "the source of data is an emergency ward",
        "text_en": "the source of data is an emergency ward",
        "opt": true
    }
},
{
    "model": "questionnaire.choice",
    "pk": 6,
    "fields": {
        "question": 28,
        "sortid": 6,
        "value": "the source of data is administrative/ billing data",
        "text_en": "the source of data is administrative/ billing data",
        "opt": true
    }
},
{
    "model": "questionnaire.choice",
    "pk": 7,
    "fields": {
        "question": 28,
        "sortid": 7,
        "value": "it is a disease or event specific registry,  please specify disease or event",
        "text_en": "it is a disease or event specific registry,  please specify disease or event",
        "opt": true
    }
},
{
    "model": "questionnaire.choice",
    "pk": 8,
    "fields": {
        "question": 28,
        "sortid": 8,
        "value": "it is a study-specific registry (e.g., a cohort meeting certain criteria), please also specify the registry",
        "text_en": "it is a study-specific registry (e.g., a cohort meeting certain criteria), please also specify the registry",
        "opt": true
    }
},
{
    "model": "questionnaire.choice",
    "pk": 9,
    "fields": {
        "question": 28,
        "sortid": 9,
        "value": "it is a biobank and has material/DNA stored",
        "text_en": "it is a biobank and has material/DNA stored",
        "opt": true
    }
},
{
    "model": "questionnaire.choice",
    "pk": 10,
    "fields": {
        "question": 28,
        "sortid": 10,
        "value": "it is a record-linkage system",
        "text_en": "it is a record-linkage system",
        "opt": true
    }
},
{
    "model": "questionnaire.choice",
    "pk": 11,
    "fields": {
        "question": 28,
        "sortid": 11,
        "value": "other",
        "text_en": "other",
        "opt": true
    }
},
{
    "model": "questionnaire.choice",
    "pk": 12,
    "fields": {
        "question": 30,
        "sortid": 1,
        "value": "longitudinal",
        "text_en": "longitudinal",
        "opt": true
    }
},
{
    "model": "questionnaire.choice",
    "pk": 13,
    "fields": {
        "question": 30,
        "sortid": 2,
        "value": "cross-sectional",
        "text_en": "cross-sectional",
        "opt": true
    }
},
{
    "model": "questionnaire.choice",
    "pk": 14,
    "fields": {
        "question": 31,
        "sortid": 1,
        "value": "Insurance/administrative claims",
        "text_en": "Insurance/administrative claims",
        "opt": false
    }
},
{
    "model": "questionnaire.choice",
    "pk": 15,
    "fields": {
        "question": 31,
        "sortid": 2,
        "value": "Outpatient electronic health records",
        "text_en": "Outpatient electronic health records",
        "opt": false
    }
},
{
    "model": "questionnaire.choice",
    "pk": 16,
    "fields": {
        "question": 31,
        "sortid": 3,
        "value": "Inpatient hospital electronic health records",
        "text_en": "Inpatient hospital electronic health records",
        "opt": false
    }
},
{
    "model": "questionnaire.choice",
    "pk": 17,
    "fields": {
        "question": 31,
        "sortid": 4,
        "value": "Inpatient hospital billing systems",
        "text_en": "Inpatient hospital billing systems",
        "opt": false
    }
},
{
    "model": "questionnaire.choice",
    "pk": 18,
    "fields": {
        "question": 31,
        "sortid": 5,
        "value": "Registry",
        "text_en": "Registry",
        "opt": false
    }
},
{
    "model": "questionnaire.choice",
    "pk": 19,
    "fields": {
        "question": 31,
        "sortid": 6,
        "value": "Biobank",
        "text_en": "Biobank",
        "opt": false
    }
},
{
    "model": "questionnaire.choice",
    "pk": 20,
    "fields": {
        "question": 31,
        "sortid": 7,
        "value": "Other",
        "text_en": "Other",
        "opt": false
    }
},
{
    "model": "questionnaire.choice",
    "pk": 21,
    "fields": {
        "question": 33,
        "sortid": 1,
        "value": "one hospital",
        "text_en": "one hospital",
        "opt": true
    }
},
{
    "model": "questionnaire.choice",
    "pk": 22,
    "fields": {
        "question": 33,
        "sortid": 2,
        "value": "city",
        "text_en": "city",
        "opt": true
    }
},
{
    "model": "questionnaire.choice",
    "pk": 23,
    "fields": {
        "question": 33,
        "sortid": 3,
        "value": "regional",
        "text_en": "regional",
        "opt": true
    }
},
{
    "model": "questionnaire.choice",
    "pk": 24,
    "fields": {
        "question": 33,
        "sortid": 4,
        "value": "national",
        "text_en": "national",
        "opt": true
    }
},
{
    "model": "questionnaire.choice",
    "pk": 25,
    "fields": {
        "question": 33,
        "sortid": 5,
        "value": "multiple countries",
        "text_en": "multiple countries",
        "opt": true
    }
},
{
    "model": "questionnaire.choice",
    "pk": 26,
    "fields": {
        "question": 33,
        "sortid": 6,
        "value": "other",
        "text_en": "other",
        "opt": true
    }
},
{
    "model": "questionnaire.choice",
    "pk": 27,
    "fields": {
        "question": 35,
        "sortid": 1,
        "value": "insured",
        "text_en": "insured",
        "opt": false
    }
},
{
    "model": "questionnaire.choice",
    "pk": 28,
    "fields": {
        "question": 35,
        "sortid": 2,
        "value": "uninsured",
        "text_en": "uninsured",
        "opt": false
    }
},
{
    "model": "questionnaire.choice",
    "pk": 29,
    "fields": {
        "question": 35,
        "sortid": 3,
        "value": "public",
        "text_en": "public",
        "opt": false
    }
},
{
    "model": "questionnaire.choice",
    "pk": 30,
    "fields": {
        "question": 35,
        "sortid": 4,
        "value": "private",
        "text_en": "private",
        "opt": false
    }
},
{
    "model": "questionnaire.choice",
    "pk": 31,
    "fields": {
        "question": 35,
        "sortid": 5,
        "value": "other",
        "text_en": "other",
        "opt": false
    }
},
{
    "model": "questionnaire.choice",
    "pk": 32,
    "fields": {
        "question": 36,
        "sortid": 1,
        "value": "Inpatient (hospital) care",
        "text_en": "Inpatient (hospital) care",
        "opt": false
    }
},
{
    "model": "questionnaire.choice",
    "pk": 33,
    "fields": {
        "question": 36,
        "sortid": 2,
        "value": "Outpatient general practitioner care",
        "text_en": "Outpatient general practitioner care",
        "opt": false
    }
},
{
    "model": "questionnaire.choice",
    "pk": 34,
    "fields": {
        "question": 36,
        "sortid": 3,
        "value": "Outpatient specialist care",
        "text_en": "Outpatient specialist care",
        "opt": false
    }
},
{
    "model": "questionnaire.choice",
    "pk": 35,
    "fields": {
        "question": 36,
        "sortid": 4,
        "value": "Long term/ skill nursing facility care",
        "text_en": "Long term/ skill nursing facility care",
        "opt": false
    }
},
{
    "model": "questionnaire.choice",
    "pk": 36,
    "fields": {
        "question": 36,
        "sortid": 5,
        "value": "Pharmacy care",
        "text_en": "Pharmacy care",
        "opt": false
    }
},
{
    "model": "questionnaire.choice",
    "pk": 37,
    "fields": {
        "question": 36,
        "sortid": 6,
        "value": "Other",
        "text_en": "Other",
        "opt": false
    }
},
{
    "model": "questionnaire.choice",
    "pk": 38,
    "fields": {
        "question": 37,
        "sortid": 1,
        "value": "the subject enters or leaves the practice of a general practitioner",
        "text_en": "the subject enters or leaves the practice of a general practitioner",
        "opt": true
    }
},
{
    "model": "questionnaire.choice",
    "pk": 39,
    "fields": {
        "question": 37,
        "sortid": 2,
        "value": "the subject enters or leaves the practice of a paediatrician in primary care",
        "text_en": "the subject enters or leaves the practice of a paediatrician in primary care",
        "opt": true
    }
},
{
    "model": "questionnaire.choice",
    "pk": 40,
    "fields": {
        "question": 37,
        "sortid": 3,
        "value": "the subject enters or leaves the practice of a pharmacist",
        "text_en": "the subject enters or leaves the practice of a pharmacist",
        "opt": true
    }
},
{
    "model": "questionnaire.choice",
    "pk": 41,
    "fields": {
        "question": 37,
        "sortid": 4,
        "value": "the subject is admitted to or discharged from an specialist outpatient clinic",
        "text_en": "the subject is admitted to or discharged from an specialist outpatient clinic",
        "opt": true
    }
},
{
    "model": "questionnaire.choice",
    "pk": 42,
    "fields": {
        "question": 37,
        "sortid": 5,
        "value": "the subject  is admitted to or discharged from a hospital",
        "text_en": "the subject  is admitted to or discharged from a hospital",
        "opt": true
    }
},
{
    "model": "questionnaire.choice",
    "pk": 43,
    "fields": {
        "question": 37,
        "sortid": 6,
        "value": "the subject moves in or out a specific geographical area (e.g., a city or region)",
        "text_en": "the subject moves in or out a specific geographical area (e.g., a city or region)",
        "opt": true
    }
},
{
    "model": "questionnaire.choice",
    "pk": 44,
    "fields": {
        "question": 37,
        "sortid": 7,
        "value": "the subject enters or leaves a health insurance company of benefit plan",
        "text_en": "the subject enters or leaves a health insurance company of benefit plan",
        "opt": true
    }
},
{
    "model": "questionnaire.choice",
    "pk": 45,
    "fields": {
        "question": 37,
        "sortid": 8,
        "value": "the subject has a specific disease and is included in a cohort",
        "text_en": "the subject has a specific disease and is included in a cohort",
        "opt": true
    }
},
{
    "model": "questionnaire.choice",
    "pk": 46,
    "fields": {
        "question": 37,
        "sortid": 9,
        "value": "the subject underwent a specific therapy/intervention and is included in a cohort",
        "text_en": "the subject underwent a specific therapy/intervention and is included in a cohort",
        "opt": true
    }
},
{
    "model": "questionnaire.choice",
    "pk": 47,
    "fields": {
        "question": 37,
        "sortid": 10,
        "value": "other",
        "text_en": "other",
        "opt": true
    }
},
{
    "model": "questionnaire.choice",
    "pk": 48,
    "fields": {
        "question": 38,
        "sortid": 1,
        "value": "daily",
        "text_en": "daily",
        "opt": true
    }
},
{
    "model": "questionnaire.choice",
    "pk": 49,
    "fields": {
        "question": 38,
        "sortid": 2,
        "value": "weekly",
        "text_en": "weekly",
        "opt": true
    }
},
{
    "model": "questionnaire.choice",
    "pk": 50,
    "fields": {
        "question": 38,
        "sortid": 3,
        "value": "monthly",
        "text_en": "monthly",
        "opt": true
    }
},
{
    "model": "questionnaire.choice",
    "pk": 51,
    "fields": {
        "question": 38,
        "sortid": 4,
        "value": "half-yearly",
        "text_en": "half-yearly",
        "opt": true
    }
},
{
    "model": "questionnaire.choice",
    "pk": 52,
    "fields": {
        "question": 38,
        "sortid": 5,
        "value": "yearly",
        "text_en": "yearly",
        "opt": true
    }
},
{
    "model": "questionnaire.choice",
    "pk": 53,
    "fields": {
        "question": 38,
        "sortid": 6,
        "value": "other",
        "text_en": "other",
        "opt": true
    }
},
{
    "model": "questionnaire.choice",
    "pk": 54,
    "fields": {
        "question": 43,
        "sortid": 1,
        "value": "MSSQL",
        "text_en": "MSSQL",
        "opt": false
    }
},
{
    "model": "questionnaire.choice",
    "pk": 55,
    "fields": {
        "question": 43,
        "sortid": 2,
        "value": "Postgresql ",
        "text_en": "Postgresql ",
        "opt": true
    }
},
{
    "model": "questionnaire.choice",
    "pk": 56,
    "fields": {
        "question": 43,
        "sortid": 3,
        "value": "Amazon Redshift",
        "text_en": "Amazon Redshift",
        "opt": true
    }
},
{
    "model": "questionnaire.choice",
    "pk": 57,
    "fields": {
        "question": 43,
        "sortid": 4,
        "value": "Google BigQuery",
        "text_en": "Google BigQuery",
        "opt": true
    }
},
{
    "model": "questionnaire.choice",
    "pk": 58,
    "fields": {
        "question": 43,
        "sortid": 5,
        "value": "Apache Impala",
        "text_en": "Apache Impala",
        "opt": true
    }
},
{
    "model": "questionnaire.choice",
    "pk": 59,
    "fields": {
        "question": 43,
        "sortid": 6,
        "value": "IBM Netezza",
        "text_en": "IBM Netezza",
        "opt": true
    }
},
{
    "model": "questionnaire.choice",
    "pk": 60,
    "fields": {
        "question": 43,
        "sortid": 7,
        "value": "SQLite",
        "text_en": "SQLite",
        "opt": false
    }
},
{
    "model": "questionnaire.choice",
    "pk": 61,
    "fields": {
        "question": 43,
        "sortid": 8,
        "value": "Oracle ",
        "text_en": "Oracle ",
        "opt": true
    }
},
{
    "model": "questionnaire.choice",
    "pk": 62,
    "fields": {
        "question": 43,
        "sortid": 9,
        "value": " Microsoft Parallel Data Warehouse",
        "text_en": " Microsoft Parallel Data Warehouse",
        "opt": true
    }
},
{
    "model": "questionnaire.choice",
    "pk": 63,
    "fields": {
        "question": 43,
        "sortid": 10,
        "value": "Other management system, please specify",
        "text_en": "Other management system, please specify",
        "opt": true
    }
},
{
    "model": "questionnaire.choice",
    "pk": 64,
    "fields": {
        "question": 59,
        "sortid": 1,
        "value": "Patient information regarding secondary use of their data (information brochure, invitation letter, letter to withdraw, etc.): Can be obtained  on the study Web site, or by emailing",
        "text_en": "Patient information regarding secondary use of their data (information brochure, invitation letter, letter to withdraw, etc.): Can be obtained  on the study Web site, or by emailing",
        "opt": true
    }
},
{
    "model": "questionnaire.choice",
    "pk": 65,
    "fields": {
        "question": 59,
        "sortid": 2,
        "value": "Access policy: Can be obtained  on the study Web site, or by emailing",
        "text_en": "Access policy: Can be obtained  on the study Web site, or by emailing",
        "opt": true
    }
},
{
    "model": "questionnaire.choice",
    "pk": 66,
    "fields": {
        "question": 59,
        "sortid": 3,
        "value": "Consent forms of obtaining additional information: Can be obtained  on the study Web site, or by emailing",
        "text_en": "Consent forms of obtaining additional information: Can be obtained  on the study Web site, or by emailing",
        "opt": true
    }
},
{
    "model": "questionnaire.choice",
    "pk": 67,
    "fields": {
        "question": 59,
        "sortid": 4,
        "value": "Data access agreement: Can be obtained  on the study Web site, or by emailing",
        "text_en": "Data access agreement: Can be obtained  on the study Web site, or by emailing",
        "opt": true
    }
},
{
    "model": "questionnaire.choice",
    "pk": 68,
    "fields": {
        "question": 59,
        "sortid": 5,
        "value": "Governance/ethics documentation: Can be obtained  on the study Web site, or by emailing",
        "text_en": "Governance/ethics documentation: Can be obtained  on the study Web site, or by emailing",
        "opt": true
    }
},
{
    "model": "questionnaire.choice",
    "pk": 69,
    "fields": {
        "question": 59,
        "sortid": 6,
        "value": "Data dictionary: Can be obtained on the study Web site, or by emailing: Data model: Can be obtained on the study Web site, or by emailing",
        "text_en": "Data dictionary: Can be obtained on the study Web site, or by emailing: Data model: Can be obtained on the study Web site, or by emailing",
        "opt": true
    }
},
{
    "model": "questionnaire.questionnareimportfile",
    "pk": 1,
    "fields": {
        "file": "media/qimports/None_bd1Z93R",
        "filename": "EHDEN_final.xlsx",
        "uploader": [
            "user2"
        ],
        "status": 2,
        "error_message": null,
        "questionnaire": 1
    }
},
{
    "model": "accounts.emifprofile",
    "pk": 1,
    "fields": {
        "mugshot": "",
        "privacy": "registered",
        "user": [
            "user1"
        ],
        "country": "PT",
        "organization": "UA",
        "paginator": -1,
        "search_type": "all",
        "mail_news": true,
        "mail_not": false,
        "restricted": false
    }
},
{
    "model": "accounts.emifprofile",
    "pk": 2,
    "fields": {
        "mugshot": "",
        "privacy": "registered",
        "user": [
            "user2"
        ],
        "country": "PT",
        "organization": "UA",
        "paginator": -1,
        "search_type": "all",
        "mail_news": true,
        "mail_not": false,
        "restricted": false
    }
},
{
    "model": "accounts.emifprofile",
    "pk": 3,
    "fields": {
        "mugshot": "",
        "privacy": "registered",
        "user": [
            "user3"
        ],
        "country": "PT",
        "organization": "UA",
        "paginator": 10,
        "search_type": "all",
        "mail_news": true,
        "mail_not": false,
        "restricted": false
    }
},
{
    "model": "accounts.navigationhistory",
    "pk": 1,
    "fields": {
        "user": [
            "user1"
        ],
        "path": "index",
        "date": "2020-09-25T12:36:30.382Z"
    }
},
{
    "model": "accounts.navigationhistory",
    "pk": 2,
    "fields": {
        "user": [
            "user1"
        ],
        "path": "developer/api/getCommunities/",
        "date": "2020-09-25T12:36:30.656Z"
    }
},
{
    "model": "accounts.navigationhistory",
    "pk": 3,
    "fields": {
        "user": [
            "user1"
        ],
        "path": "index",
        "date": "2020-09-25T12:36:35.899Z"
    }
},
{
    "model": "accounts.navigationhistory",
    "pk": 4,
    "fields": {
        "user": [
            "user1"
        ],
        "path": "developer/api/getCommunities/",
        "date": "2020-09-25T12:36:36.194Z"
    }
},
{
    "model": "accounts.navigationhistory",
    "pk": 5,
    "fields": {
        "user": [
            "user1"
        ],
        "path": "developer/api/getCommunities/",
        "date": "2020-09-25T12:36:36.718Z"
    }
},
{
    "model": "accounts.navigationhistory",
    "pk": 6,
    "fields": {
        "user": [
            "user2"
        ],
        "path": "index",
        "date": "2020-09-25T12:36:42.693Z"
    }
},
{
    "model": "accounts.navigationhistory",
    "pk": 7,
    "fields": {
        "user": [
            "user2"
        ],
        "path": "developer/api/getCommunities/",
        "date": "2020-09-25T12:36:42.974Z"
    }
},
{
    "model": "accounts.navigationhistory",
    "pk": 8,
    "fields": {
        "user": [
            "user2"
        ],
        "path": "questionnaire/import",
        "date": "2020-09-25T12:36:43.447Z"
    }
},
{
    "model": "accounts.navigationhistory",
    "pk": 9,
    "fields": {
        "user": [
            "user2"
        ],
        "path": "developer/api/getCommunities/",
        "date": "2020-09-25T12:36:43.599Z"
    }
},
{
    "model": "accounts.navigationhistory",
    "pk": 10,
    "fields": {
        "user": [
            "user2"
        ],
        "path": "questionnaire/preview-loading/1",
        "date": "2020-09-25T12:36:43.991Z"
    }
},
{
    "model": "accounts.navigationhistory",
    "pk": 11,
    "fields": {
        "user": [
            "user2"
        ],
        "path": "developer/api/getCommunities/",
        "date": "2020-09-25T12:36:44.122Z"
    }
},
{
    "model": "accounts.navigationhistory",
    "pk": 12,
    "fields": {
        "user": [
            "user2"
        ],
        "path": "fingerprint/c07cab4473f545c1a03bde49d4d24592/0/",
        "date": "2020-09-25T12:36:45.061Z"
    }
},
{
    "model": "accounts.navigationhistory",
    "pk": 13,
    "fields": {
        "user": [
            "user2"
        ],
        "path": "developer/api/getCommunities/",
        "date": "2020-09-25T12:36:45.325Z"
    }
},
{
    "model": "accounts.navigationhistory",
    "pk": 14,
    "fields": {
        "user": [
            "user2"
        ],
        "path": "questionnaire/import",
        "date": "2020-09-25T12:36:45.780Z"
    }
},
{
    "model": "accounts.navigationhistory",
    "pk": 15,
    "fields": {
        "user": [
            "user2"
        ],
        "path": "developer/api/getCommunities/",
        "date": "2020-09-25T12:36:45.913Z"
    }
},
{
    "model": "accounts.navigationhistory",
    "pk": 16,
    "fields": {
        "user": [
            "user2"
        ],
        "path": "index",
        "date": "2020-09-25T12:36:46.203Z"
    }
},
{
    "model": "accounts.navigationhistory",
    "pk": 17,
    "fields": {
        "user": [
            "user2"
        ],
        "path": "developer/api/getCommunities/",
        "date": "2020-09-25T12:36:46.333Z"
    }
},
{
    "model": "accounts.navigationhistory",
    "pk": 18,
    "fields": {
        "user": [
            "user2"
        ],
        "path": "admin/",
        "date": "2020-09-25T12:36:46.855Z"
    }
},
{
    "model": "accounts.navigationhistory",
    "pk": 19,
    "fields": {
        "user": [
            "user2"
        ],
        "path": "admin/community/",
        "date": "2020-09-25T12:36:47.137Z"
    }
},
{
    "model": "accounts.navigationhistory",
    "pk": 20,
    "fields": {
        "user": [
            "user2"
        ],
        "path": "admin/community/community/",
        "date": "2020-09-25T12:36:47.357Z"
    }
},
{
    "model": "accounts.navigationhistory",
    "pk": 21,
    "fields": {
        "user": [
            "user2"
        ],
        "path": "admin/community/community/1/change/",
        "date": "2020-09-25T12:36:47.680Z"
    }
},
{
    "model": "accounts.navigationhistory",
    "pk": 22,
    "fields": {
        "user": [
            "user2"
        ],
        "path": "admin/community/community/",
        "date": "2020-09-25T12:36:48.098Z"
    }
},
{
    "model": "accounts.navigationhistory",
    "pk": 23,
    "fields": {
        "user": [
            "user2"
        ],
        "path": "index",
        "date": "2020-09-25T12:36:48.297Z"
    }
},
{
    "model": "accounts.navigationhistory",
    "pk": 24,
    "fields": {
        "user": [
            "user2"
        ],
        "path": "developer/api/getCommunities/",
        "date": "2020-09-25T12:36:48.575Z"
    }
},
{
    "model": "accounts.navigationhistory",
    "pk": 25,
    "fields": {
        "user": [
            "user2"
        ],
        "path": "c/testcommunity/q/ehden_final/",
        "date": "2020-09-25T12:36:49.158Z"
    }
},
{
    "model": "accounts.navigationhistory",
    "pk": 26,
    "fields": {
        "user": [
            "user2"
        ],
        "path": "developer/api/getCommunities/",
        "date": "2020-09-25T12:36:49.393Z"
    }
},
{
    "model": "accounts.navigationhistory",
    "pk": 27,
    "fields": {
        "user": [
            "user1"
        ],
        "path": "index",
        "date": "2020-09-25T12:36:54.744Z"
    }
},
{
    "model": "accounts.navigationhistory",
    "pk": 28,
    "fields": {
        "user": [
            "user1"
        ],
        "path": "developer/api/getCommunities/",
        "date": "2020-09-25T12:36:55.028Z"
    }
},
{
    "model": "accounts.navigationhistory",
    "pk": 29,
    "fields": {
        "user": [
            "user1"
        ],
        "path": "c/testcommunity/q/ehden_final/",
        "date": "2020-09-25T12:36:55.511Z"
    }
},
{
    "model": "accounts.navigationhistory",
    "pk": 30,
    "fields": {
        "user": [
            "user1"
        ],
        "path": "developer/api/getCommunities/",
        "date": "2020-09-25T12:36:55.752Z"
    }
},
{
    "model": "accounts.navigationhistory",
    "pk": 31,
    "fields": {
        "user": [
            "user1"
        ],
        "path": "index",
        "date": "2020-09-25T12:36:56.138Z"
    }
},
{
    "model": "accounts.navigationhistory",
    "pk": 32,
    "fields": {
        "user": [
            "user1"
        ],
        "path": "developer/api/getCommunities/",
        "date": "2020-09-25T12:36:56.265Z"
    }
},
{
    "model": "accounts.navigationhistory",
    "pk": 33,
    "fields": {
        "user": [
            "user2"
        ],
        "path": "index",
        "date": "2020-09-25T12:36:57.296Z"
    }
},
{
    "model": "accounts.navigationhistory",
    "pk": 34,
    "fields": {
        "user": [
            "user2"
        ],
        "path": "developer/api/getCommunities/",
        "date": "2020-09-25T12:36:57.472Z"
    }
},
{
    "model": "accounts.navigationhistory",
    "pk": 35,
    "fields": {
        "user": [
            "user2"
        ],
        "path": "admin/",
        "date": "2020-09-25T12:36:57.774Z"
    }
},
{
    "model": "accounts.navigationhistory",
    "pk": 36,
    "fields": {
        "user": [
            "user2"
        ],
        "path": "admin/community/",
        "date": "2020-09-25T12:36:58.046Z"
    }
},
{
    "model": "accounts.navigationhistory",
    "pk": 37,
    "fields": {
        "user": [
            "user2"
        ],
        "path": "admin/community/communityuser/",
        "date": "2020-09-25T12:36:58.241Z"
    }
},
{
    "model": "accounts.navigationhistory",
    "pk": 38,
    "fields": {
        "user": [
            "user2"
        ],
        "path": "admin/community/communityuser/",
        "date": "2020-09-25T12:36:58.473Z"
    }
},
{
    "model": "accounts.navigationhistory",
    "pk": 39,
    "fields": {
        "user": [
            "user2"
        ],
        "path": "admin/community/communityuser/1/change/",
        "date": "2020-09-25T12:36:58.694Z"
    }
},
{
    "model": "accounts.navigationhistory",
    "pk": 40,
    "fields": {
        "user": [
            "user2"
        ],
        "path": "admin/community/communityuser/1/delete/",
        "date": "2020-09-25T12:36:58.899Z"
    }
},
{
    "model": "accounts.navigationhistory",
    "pk": 41,
    "fields": {
        "user": [
            "user2"
        ],
        "path": "admin/community/communityuser/",
        "date": "2020-09-25T12:36:59.145Z"
    }
},
{
    "model": "accounts.navigationhistory",
    "pk": 42,
    "fields": {
        "user": [
            "user2"
        ],
        "path": "index",
        "date": "2020-09-25T12:36:59.356Z"
    }
},
{
    "model": "accounts.navigationhistory",
    "pk": 43,
    "fields": {
        "user": [
            "user2"
        ],
        "path": "developer/api/getCommunities/",
        "date": "2020-09-25T12:36:59.653Z"
    }
},
{
    "model": "accounts.navigationhistory",
    "pk": 44,
    "fields": {
        "user": [
            "user2"
        ],
        "path": "index",
        "date": "2020-09-25T12:36:59.970Z"
    }
},
{
    "model": "accounts.navigationhistory",
    "pk": 45,
    "fields": {
        "user": [
            "user2"
        ],
        "path": "developer/api/getCommunities/",
        "date": "2020-09-25T12:37:00.117Z"
    }
},
{
    "model": "accounts.navigationhistory",
    "pk": 46,
    "fields": {
        "user": [
            "user1"
        ],
        "path": "index",
        "date": "2020-09-25T12:37:01.100Z"
    }
},
{
    "model": "accounts.navigationhistory",
    "pk": 47,
    "fields": {
        "user": [
            "user1"
        ],
        "path": "developer/api/getCommunities/",
        "date": "2020-09-25T12:37:01.278Z"
    }
},
{
    "model": "accounts.navigationhistory",
    "pk": 48,
    "fields": {
        "user": [
            "user1"
        ],
        "path": "community/join/testcommunity",
        "date": "2020-09-25T12:37:01.635Z"
    }
},
{
    "model": "accounts.navigationhistory",
    "pk": 49,
    "fields": {
        "user": [
            "user1"
        ],
        "path": "developer/api/getCommunities/",
        "date": "2020-09-25T12:37:01.772Z"
    }
},
{
    "model": "accounts.navigationhistory",
    "pk": 50,
    "fields": {
        "user": [
            "user1"
        ],
        "path": "community/join/testcommunity",
        "date": "2020-09-25T12:37:02.122Z"
    }
},
{
    "model": "accounts.navigationhistory",
    "pk": 51,
    "fields": {
        "user": [
            "user1"
        ],
        "path": "developer/api/getCommunities/",
        "date": "2020-09-25T12:37:02.243Z"
    }
},
{
    "model": "accounts.navigationhistory",
    "pk": 52,
    "fields": {
        "user": [
            "user1"
        ],
        "path": "index",
        "date": "2020-09-25T12:37:02.501Z"
    }
},
{
    "model": "accounts.navigationhistory",
    "pk": 53,
    "fields": {
        "user": [
            "user1"
        ],
        "path": "developer/api/getCommunities/",
        "date": "2020-09-25T12:37:02.638Z"
    }
},
{
    "model": "accounts.navigationhistory",
    "pk": 54,
    "fields": {
        "user": [
            "user1"
        ],
        "path": "community/join/testcommunity",
        "date": "2020-09-25T12:37:02.936Z"
    }
},
{
    "model": "accounts.navigationhistory",
    "pk": 55,
    "fields": {
        "user": [
            "user1"
        ],
        "path": "developer/api/getCommunities/",
        "date": "2020-09-25T12:37:03.058Z"
    }
},
{
    "model": "accounts.navigationhistory",
    "pk": 56,
    "fields": {
        "user": [
            "user1"
        ],
        "path": "index",
        "date": "2020-09-25T12:37:03.293Z"
    }
},
{
    "model": "accounts.navigationhistory",
    "pk": 57,
    "fields": {
        "user": [
            "user1"
        ],
        "path": "developer/api/getCommunities/",
        "date": "2020-09-25T12:37:03.416Z"
    }
},
{
    "model": "accounts.navigationhistory",
    "pk": 58,
    "fields": {
        "user": [
            "user1"
        ],
        "path": "community/leave/testcommunity",
        "date": "2020-09-25T12:37:03.762Z"
    }
},
{
    "model": "accounts.navigationhistory",
    "pk": 59,
    "fields": {
        "user": [
            "user1"
        ],
        "path": "index",
        "date": "2020-09-25T12:37:03.980Z"
    }
},
{
    "model": "accounts.navigationhistory",
    "pk": 60,
    "fields": {
        "user": [
            "user1"
        ],
        "path": "index",
        "date": "2020-09-25T12:37:04.016Z"
    }
},
{
    "model": "accounts.navigationhistory",
    "pk": 61,
    "fields": {
        "user": [
            "user1"
        ],
        "path": "developer/api/getCommunities/",
        "date": "2020-09-25T12:37:04.138Z"
    }
},
{
    "model": "accounts.navigationhistory",
    "pk": 62,
    "fields": {
        "user": [
            "user1"
        ],
        "path": "community/join/testcommunity",
        "date": "2020-09-25T12:37:04.437Z"
    }
},
{
    "model": "accounts.navigationhistory",
    "pk": 63,
    "fields": {
        "user": [
            "user1"
        ],
        "path": "developer/api/getCommunities/",
        "date": "2020-09-25T12:37:04.559Z"
    }
},
{
    "model": "accounts.navigationhistory",
    "pk": 64,
    "fields": {
        "user": [
            "user1"
        ],
        "path": "community/join/testcommunity",
        "date": "2020-09-25T12:37:04.774Z"
    }
},
{
    "model": "accounts.navigationhistory",
    "pk": 65,
    "fields": {
        "user": [
            "user1"
        ],
        "path": "developer/api/getCommunities/",
        "date": "2020-09-25T12:37:04.888Z"
    }
},
{
    "model": "accounts.navigationhistory",
    "pk": 66,
    "fields": {
        "user": [
            "user1"
        ],
        "path": "index",
        "date": "2020-09-25T12:37:05.090Z"
    }
},
{
    "model": "accounts.navigationhistory",
    "pk": 67,
    "fields": {
        "user": [
            "user1"
        ],
        "path": "developer/api/getCommunities/",
        "date": "2020-09-25T12:37:05.220Z"
    }
},
{
    "model": "accounts.navigationhistory",
    "pk": 68,
    "fields": {
        "user": [
            "user2"
        ],
        "path": "index",
        "date": "2020-09-25T12:37:06.188Z"
    }
},
{
    "model": "accounts.navigationhistory",
    "pk": 69,
    "fields": {
        "user": [
            "user2"
        ],
        "path": "developer/api/getCommunities/",
        "date": "2020-09-25T12:37:06.319Z"
    }
},
{
    "model": "accounts.navigationhistory",
    "pk": 70,
    "fields": {
        "user": [
            "user2"
        ],
        "path": "admin/",
        "date": "2020-09-25T12:37:06.623Z"
    }
},
{
    "model": "accounts.navigationhistory",
    "pk": 71,
    "fields": {
        "user": [
            "user2"
        ],
        "path": "admin/community/communityuser/",
        "date": "2020-09-25T12:37:06.905Z"
    }
},
{
    "model": "accounts.navigationhistory",
    "pk": 72,
    "fields": {
        "user": [
            "user2"
        ],
        "path": "admin/community/communityuser/add/",
        "date": "2020-09-25T12:37:07.172Z"
    }
},
{
    "model": "accounts.navigationhistory",
    "pk": 73,
    "fields": {
        "user": [
            "user2"
        ],
        "path": "admin/community/communityuser/",
        "date": "2020-09-25T12:37:07.577Z"
    }
},
{
    "model": "accounts.navigationhistory",
    "pk": 74,
    "fields": {
        "user": [
            "user2"
        ],
        "path": "index",
        "date": "2020-09-25T12:37:07.777Z"
    }
},
{
    "model": "accounts.navigationhistory",
    "pk": 75,
    "fields": {
        "user": [
            "user2"
        ],
        "path": "developer/api/getCommunities/",
        "date": "2020-09-25T12:37:07.948Z"
    }
},
{
    "model": "accounts.navigationhistory",
    "pk": 76,
    "fields": {
        "user": [
            "user2"
        ],
        "path": "index",
        "date": "2020-09-25T12:37:08.159Z"
    }
},
{
    "model": "accounts.navigationhistory",
    "pk": 77,
    "fields": {
        "user": [
            "user2"
        ],
        "path": "developer/api/getCommunities/",
        "date": "2020-09-25T12:37:08.296Z"
    }
},
{
    "model": "accounts.navigationhistory",
    "pk": 78,
    "fields": {
        "user": [
            "user2"
        ],
        "path": "index",
        "date": "2020-09-25T12:37:13.832Z"
    }
},
{
    "model": "accounts.navigationhistory",
    "pk": 79,
    "fields": {
        "user": [
            "user2"
        ],
        "path": "developer/api/getCommunities/",
        "date": "2020-09-25T12:37:14.116Z"
    }
},
{
    "model": "accounts.navigationhistory",
    "pk": 80,
    "fields": {
        "user": [
            "user2"
        ],
        "path": "c/testcommunity/q/ehden_final/",
        "date": "2020-09-25T12:37:14.691Z"
    }
},
{
    "model": "accounts.navigationhistory",
    "pk": 81,
    "fields": {
        "user": [
            "user2"
        ],
        "path": "developer/api/getCommunities/",
        "date": "2020-09-25T12:37:14.950Z"
    }
},
{
    "model": "accounts.navigationhistory",
    "pk": 82,
    "fields": {
        "user": [
            "user2"
        ],
        "path": "c/testcommunity/q/ehden_final/",
        "date": "2020-09-25T12:37:15.464Z"
    }
},
{
    "model": "accounts.navigationhistory",
    "pk": 83,
    "fields": {
        "user": [
            "user2"
        ],
        "path": "developer/api/getCommunities/",
        "date": "2020-09-25T12:37:15.602Z"
    }
},
{
    "model": "accounts.navigationhistory",
    "pk": 84,
    "fields": {
        "user": [
            "user2"
        ],
        "path": "c/testcommunity/add/1/0/",
        "date": "2020-09-25T12:37:26.169Z"
    }
},
{
    "model": "accounts.navigationhistory",
    "pk": 85,
    "fields": {
        "user": [
            "user2"
        ],
        "path": "developer/api/getCommunities/",
        "date": "2020-09-25T12:37:26.335Z"
    }
},
{
    "model": "accounts.navigationhistory",
    "pk": 86,
    "fields": {
        "user": [
            "user2"
        ],
        "path": "c/testcommunity/addqs/74bfc2468c4ccdafadec5d69c071533d/1/0/",
        "date": "2020-09-25T12:37:26.434Z"
    }
},
{
    "model": "accounts.navigationhistory",
    "pk": 87,
    "fields": {
        "user": [
            "user2"
        ],
        "path": "c/testcommunity/addqs/74bfc2468c4ccdafadec5d69c071533d/1/1/",
        "date": "2020-09-25T12:37:27.901Z"
    }
},
{
    "model": "accounts.navigationhistory",
    "pk": 88,
    "fields": {
        "user": [
            "user2"
        ],
        "path": "c/testcommunity/addqs/74bfc2468c4ccdafadec5d69c071533d/1/2/",
        "date": "2020-09-25T12:37:30.840Z"
    }
},
{
    "model": "accounts.navigationhistory",
    "pk": 89,
    "fields": {
        "user": [
            "user2"
        ],
        "path": "c/testcommunity/addqs/74bfc2468c4ccdafadec5d69c071533d/1/4/",
        "date": "2020-09-25T12:37:34.751Z"
    }
},
{
    "model": "accounts.navigationhistory",
    "pk": 90,
    "fields": {
        "user": [
            "user2"
        ],
        "path": "c/testcommunity/addqs/74bfc2468c4ccdafadec5d69c071533d/1/5/",
        "date": "2020-09-25T12:37:36.290Z"
    }
},
{
    "model": "accounts.navigationhistory",
    "pk": 91,
    "fields": {
        "user": [
            "user2"
        ],
        "path": "c/testcommunity/addqs/74bfc2468c4ccdafadec5d69c071533d/1/6/",
        "date": "2020-09-25T12:37:37.998Z"
    }
},
{
    "model": "accounts.navigationhistory",
    "pk": 92,
    "fields": {
        "user": [
            "user2"
        ],
        "path": "index",
        "date": "2020-09-25T12:37:39.682Z"
    }
},
{
    "model": "accounts.navigationhistory",
    "pk": 93,
    "fields": {
        "user": [
            "user2"
        ],
        "path": "developer/api/getCommunities/",
        "date": "2020-09-25T12:37:39.854Z"
    }
},
{
    "model": "accounts.navigationhistory",
    "pk": 94,
    "fields": {
        "user": [
            "user2"
        ],
        "path": "c/testcommunity/q/ehden_final/",
        "date": "2020-09-25T12:37:40.306Z"
    }
},
{
    "model": "accounts.navigationhistory",
    "pk": 95,
    "fields": {
        "user": [
            "user2"
        ],
        "path": "developer/api/getCommunities/",
        "date": "2020-09-25T12:37:40.519Z"
    }
},
{
    "model": "accounts.navigationhistory",
    "pk": 96,
    "fields": {
        "user": [
            "user2"
        ],
        "path": "c/testcommunity/fingerprint/74bfc2468c4ccdafadec5d69c071533d/",
        "date": "2020-09-25T12:37:41.228Z"
    }
},
{
    "model": "accounts.navigationhistory",
    "pk": 97,
    "fields": {
        "user": [
            "user2"
        ],
        "path": "developer/api/getCommunities/",
        "date": "2020-09-25T12:37:41.469Z"
    }
},
{
    "model": "accounts.navigationhistory",
    "pk": 98,
    "fields": {
        "user": [
            "user2"
        ],
        "path": "hitcount/hit/ajax/",
        "date": "2020-09-25T12:37:41.750Z"
    }
},
{
    "model": "accounts.navigationhistory",
    "pk": 99,
    "fields": {
        "user": [
            "user2"
        ],
        "path": "index",
        "date": "2020-09-25T12:37:52.354Z"
    }
},
{
    "model": "accounts.navigationhistory",
    "pk": 100,
    "fields": {
        "user": [
            "user2"
        ],
        "path": "developer/api/getCommunities/",
        "date": "2020-09-25T12:37:52.610Z"
    }
},
{
    "model": "accounts.navigationhistory",
    "pk": 101,
    "fields": {
        "user": [
            "user2"
        ],
        "path": "c/testcommunity/q/ehden_final/",
        "date": "2020-09-25T12:37:53.140Z"
    }
},
{
    "model": "accounts.navigationhistory",
    "pk": 102,
    "fields": {
        "user": [
            "user2"
        ],
        "path": "developer/api/getCommunities/",
        "date": "2020-09-25T12:37:53.400Z"
    }
},
{
    "model": "accounts.navigationhistory",
    "pk": 103,
    "fields": {
        "user": [
            "user2"
        ],
        "path": "c/testcommunity/fingerprint/74bfc2468c4ccdafadec5d69c071533d/",
        "date": "2020-09-25T12:37:54.210Z"
    }
},
{
    "model": "accounts.navigationhistory",
    "pk": 104,
    "fields": {
        "user": [
            "user2"
        ],
        "path": "developer/api/getCommunities/",
        "date": "2020-09-25T12:37:54.472Z"
    }
},
{
    "model": "accounts.navigationhistory",
    "pk": 105,
    "fields": {
        "user": [
            "user2"
        ],
        "path": "hitcount/hit/ajax/",
        "date": "2020-09-25T12:37:54.806Z"
    }
},
{
    "model": "accounts.navigationhistory",
    "pk": 106,
    "fields": {
        "user": [
            "user2"
        ],
        "path": "c/testcommunity/fingerprint/74bfc2468c4ccdafadec5d69c071533d/",
        "date": "2020-09-25T12:37:55.922Z"
    }
},
{
    "model": "accounts.navigationhistory",
    "pk": 107,
    "fields": {
        "user": [
            "user2"
        ],
        "path": "developer/api/getCommunities/",
        "date": "2020-09-25T12:37:56.084Z"
    }
},
{
    "model": "accounts.navigationhistory",
    "pk": 108,
    "fields": {
        "user": [
            "user2"
        ],
        "path": "hitcount/hit/ajax/",
        "date": "2020-09-25T12:37:56.356Z"
    }
},
{
    "model": "accounts.navigationhistory",
    "pk": 109,
    "fields": {
        "user": [
            "user2"
        ],
        "path": "index",
        "date": "2020-09-25T12:37:57.760Z"
    }
},
{
    "model": "accounts.navigationhistory",
    "pk": 110,
    "fields": {
        "user": [
            "user2"
        ],
        "path": "developer/api/getCommunities/",
        "date": "2020-09-25T12:37:57.915Z"
    }
},
{
    "model": "accounts.navigationhistory",
    "pk": 111,
    "fields": {
        "user": [
            "user1"
        ],
        "path": "index",
        "date": "2020-09-25T12:37:58.895Z"
    }
},
{
    "model": "accounts.navigationhistory",
    "pk": 112,
    "fields": {
        "user": [
            "user1"
        ],
        "path": "developer/api/getCommunities/",
        "date": "2020-09-25T12:37:59.069Z"
    }
},
{
    "model": "accounts.navigationhistory",
    "pk": 113,
    "fields": {
        "user": [
            "user1"
        ],
        "path": "notifications/",
        "date": "2020-09-25T12:37:59.311Z"
    }
},
{
    "model": "accounts.navigationhistory",
    "pk": 114,
    "fields": {
        "user": [
            "user1"
        ],
        "path": "developer/api/getCommunities/",
        "date": "2020-09-25T12:37:59.438Z"
    }
},
{
    "model": "accounts.navigationhistory",
    "pk": 115,
    "fields": {
        "user": [
            "user1"
        ],
        "path": "index",
        "date": "2020-09-25T12:38:11.025Z"
    }
},
{
    "model": "accounts.navigationhistory",
    "pk": 116,
    "fields": {
        "user": [
            "user1"
        ],
        "path": "developer/api/getCommunities/",
        "date": "2020-09-25T12:38:11.207Z"
    }
},
{
    "model": "accounts.navigationhistory",
    "pk": 117,
    "fields": {
        "user": [
            "user1"
        ],
        "path": "c/testcommunity/q/ehden_final/",
        "date": "2020-09-25T12:38:11.639Z"
    }
},
{
    "model": "accounts.navigationhistory",
    "pk": 118,
    "fields": {
        "user": [
            "user1"
        ],
        "path": "developer/api/getCommunities/",
        "date": "2020-09-25T12:38:11.800Z"
    }
},
{
    "model": "accounts.navigationhistory",
    "pk": 119,
    "fields": {
        "user": [
            "user1"
        ],
        "path": "c/testcommunity/fingerprint/74bfc2468c4ccdafadec5d69c071533d/",
        "date": "2020-09-25T12:38:12.662Z"
    }
},
{
    "model": "accounts.navigationhistory",
    "pk": 120,
    "fields": {
        "user": [
            "user1"
        ],
        "path": "developer/api/getCommunities/",
        "date": "2020-09-25T12:38:12.865Z"
    }
},
{
    "model": "accounts.navigationhistory",
    "pk": 121,
    "fields": {
        "user": [
            "user1"
        ],
        "path": "hitcount/hit/ajax/",
        "date": "2020-09-25T12:38:13.146Z"
    }
},
{
    "model": "accounts.navigationhistory",
    "pk": 122,
    "fields": {
        "user": [
            "user1"
        ],
        "path": "c/testcommunity/fingerprint/74bfc2468c4ccdafadec5d69c071533d/",
        "date": "2020-09-25T12:38:14.525Z"
    }
},
{
    "model": "accounts.navigationhistory",
    "pk": 123,
    "fields": {
        "user": [
            "user1"
        ],
        "path": "developer/api/getCommunities/",
        "date": "2020-09-25T12:38:14.677Z"
    }
},
{
    "model": "accounts.navigationhistory",
    "pk": 124,
    "fields": {
        "user": [
            "user1"
        ],
        "path": "hitcount/hit/ajax/",
        "date": "2020-09-25T12:38:14.955Z"
    }
},
{
    "model": "accounts.navigationhistory",
    "pk": 125,
    "fields": {
        "user": [
            "user1"
        ],
        "path": "index",
        "date": "2020-09-25T12:38:15.423Z"
    }
},
{
    "model": "accounts.navigationhistory",
    "pk": 126,
    "fields": {
        "user": [
            "user1"
        ],
        "path": "developer/api/getCommunities/",
        "date": "2020-09-25T12:38:15.600Z"
    }
},
{
    "model": "accounts.navigationhistory",
    "pk": 127,
    "fields": {
        "user": [
            "user1"
        ],
        "path": "notifications/",
        "date": "2020-09-25T12:38:15.884Z"
    }
},
{
    "model": "accounts.navigationhistory",
    "pk": 128,
    "fields": {
        "user": [
            "user1"
        ],
        "path": "developer/api/getCommunities/",
        "date": "2020-09-25T12:38:16.000Z"
    }
},
{
    "model": "accounts.navigationhistory",
    "pk": 129,
    "fields": {
        "user": [
            "user1"
        ],
        "path": "notifications/",
        "date": "2020-09-25T12:38:16.358Z"
    }
},
{
    "model": "accounts.navigationhistory",
    "pk": 130,
    "fields": {
        "user": [
            "user1"
        ],
        "path": "notifications/",
        "date": "2020-09-25T12:38:16.372Z"
    }
},
{
    "model": "accounts.navigationhistory",
    "pk": 131,
    "fields": {
        "user": [
            "user1"
        ],
        "path": "developer/api/getCommunities/",
        "date": "2020-09-25T12:38:16.487Z"
    }
},
{
    "model": "accounts.navigationhistory",
    "pk": 132,
    "fields": {
        "user": [
            "user1"
        ],
        "path": "index",
        "date": "2020-09-25T12:38:16.700Z"
    }
},
{
    "model": "accounts.navigationhistory",
    "pk": 133,
    "fields": {
        "user": [
            "user1"
        ],
        "path": "developer/api/getCommunities/",
        "date": "2020-09-25T12:38:16.852Z"
    }
},
{
    "model": "accounts.navigationhistory",
    "pk": 134,
    "fields": {
        "user": [
            "user2"
        ],
        "path": "index",
        "date": "2020-09-25T12:38:17.817Z"
    }
},
{
    "model": "accounts.navigationhistory",
    "pk": 135,
    "fields": {
        "user": [
            "user2"
        ],
        "path": "developer/api/getCommunities/",
        "date": "2020-09-25T12:38:17.994Z"
    }
},
{
    "model": "accounts.navigationhistory",
    "pk": 136,
    "fields": {
        "user": [
            "user2"
        ],
        "path": "c/testcommunity/q/ehden_final/",
        "date": "2020-09-25T12:38:18.428Z"
    }
},
{
    "model": "accounts.navigationhistory",
    "pk": 137,
    "fields": {
        "user": [
            "user2"
        ],
        "path": "developer/api/getCommunities/",
        "date": "2020-09-25T12:38:18.679Z"
    }
},
{
    "model": "accounts.navigationhistory",
    "pk": 138,
    "fields": {
        "user": [
            "user2"
        ],
        "path": "c/testcommunity/fingerprint/74bfc2468c4ccdafadec5d69c071533d/",
        "date": "2020-09-25T12:38:19.323Z"
    }
},
{
    "model": "accounts.navigationhistory",
    "pk": 139,
    "fields": {
        "user": [
            "user2"
        ],
        "path": "developer/api/getCommunities/",
        "date": "2020-09-25T12:38:19.550Z"
    }
},
{
    "model": "accounts.navigationhistory",
    "pk": 140,
    "fields": {
        "user": [
            "user2"
        ],
        "path": "hitcount/hit/ajax/",
        "date": "2020-09-25T12:38:19.809Z"
    }
},
{
    "model": "accounts.navigationhistory",
    "pk": 141,
    "fields": {
        "user": [
            "user2"
        ],
        "path": "index",
        "date": "2020-09-25T12:38:21.938Z"
    }
},
{
    "model": "accounts.navigationhistory",
    "pk": 142,
    "fields": {
        "user": [
            "user2"
        ],
        "path": "developer/api/getCommunities/",
        "date": "2020-09-25T12:38:22.085Z"
    }
},
{
    "model": "accounts.navigationhistory",
    "pk": 143,
    "fields": {
        "user": [
            "user1"
        ],
        "path": "index",
        "date": "2020-09-25T12:38:23.158Z"
    }
},
{
    "model": "accounts.navigationhistory",
    "pk": 144,
    "fields": {
        "user": [
            "user1"
        ],
        "path": "developer/api/getCommunities/",
        "date": "2020-09-25T12:38:23.366Z"
    }
},
{
    "model": "accounts.navigationhistory",
    "pk": 145,
    "fields": {
        "user": [
            "user1"
        ],
        "path": "c/testcommunity/q/ehden_final/",
        "date": "2020-09-25T12:38:23.790Z"
    }
},
{
    "model": "accounts.navigationhistory",
    "pk": 146,
    "fields": {
        "user": [
            "user1"
        ],
        "path": "developer/api/getCommunities/",
        "date": "2020-09-25T12:38:23.930Z"
    }
},
{
    "model": "accounts.navigationhistory",
    "pk": 147,
    "fields": {
        "user": [
            "user1"
        ],
        "path": "index",
        "date": "2020-09-25T12:38:24.213Z"
    }
},
{
    "model": "accounts.navigationhistory",
    "pk": 148,
    "fields": {
        "user": [
            "user1"
        ],
        "path": "developer/api/getCommunities/",
        "date": "2020-09-25T12:38:24.339Z"
    }
},
{
    "model": "accounts.navigationhistory",
    "pk": 149,
    "fields": {
        "user": [
            "user2"
        ],
        "path": "index",
        "date": "2020-09-25T12:38:30.070Z"
    }
},
{
    "model": "accounts.navigationhistory",
    "pk": 150,
    "fields": {
        "user": [
            "user2"
        ],
        "path": "developer/api/getCommunities/",
        "date": "2020-09-25T12:38:30.348Z"
    }
},
{
    "model": "accounts.navigationhistory",
    "pk": 151,
    "fields": {
        "user": [
            "user2"
        ],
        "path": "c/testcommunity/q/ehden_final/",
        "date": "2020-09-25T12:38:30.958Z"
    }
},
{
    "model": "accounts.navigationhistory",
    "pk": 152,
    "fields": {
        "user": [
            "user2"
        ],
        "path": "developer/api/getCommunities/",
        "date": "2020-09-25T12:38:31.204Z"
    }
},
{
    "model": "accounts.navigationhistory",
    "pk": 153,
    "fields": {
        "user": [
            "user2"
        ],
        "path": "c/testcommunity/fingerprint/74bfc2468c4ccdafadec5d69c071533d/",
        "date": "2020-09-25T12:38:32.296Z"
    }
},
{
    "model": "accounts.navigationhistory",
    "pk": 154,
    "fields": {
        "user": [
            "user2"
        ],
        "path": "developer/api/getCommunities/",
        "date": "2020-09-25T12:38:32.568Z"
    }
},
{
    "model": "accounts.navigationhistory",
    "pk": 155,
    "fields": {
        "user": [
            "user2"
        ],
        "path": "hitcount/hit/ajax/",
        "date": "2020-09-25T12:38:32.862Z"
    }
},
{
    "model": "accounts.navigationhistory",
    "pk": 156,
    "fields": {
        "user": [
            "user2"
        ],
        "path": "c/testcommunity/dbEdit/74bfc2468c4ccdafadec5d69c071533d/1",
        "date": "2020-09-25T12:38:33.588Z"
    }
},
{
    "model": "accounts.navigationhistory",
    "pk": 157,
    "fields": {
        "user": [
            "user2"
        ],
        "path": "developer/api/getCommunities/",
        "date": "2020-09-25T12:38:33.757Z"
    }
},
{
    "model": "accounts.navigationhistory",
    "pk": 158,
    "fields": {
        "user": [
            "user2"
        ],
        "path": "fingerprint/api/pending/74bfc2468c4ccdafadec5d69c071533d",
        "date": "2020-09-25T12:38:34.017Z"
    }
},
{
    "model": "accounts.navigationhistory",
    "pk": 159,
    "fields": {
        "user": [
            "user2"
        ],
        "path": "community/manage/testcommunity/drafts/",
        "date": "2020-09-25T12:38:34.644Z"
    }
},
{
    "model": "accounts.navigationhistory",
    "pk": 160,
    "fields": {
        "user": [
            "user2"
        ],
        "path": "developer/api/getCommunities/",
        "date": "2020-09-25T12:38:34.805Z"
    }
},
{
    "model": "accounts.navigationhistory",
    "pk": 161,
    "fields": {
        "user": [
            "user2"
        ],
        "path": "c/testcommunity/q/ehden_final/",
        "date": "2020-09-25T12:38:35.542Z"
    }
},
{
    "model": "accounts.navigationhistory",
    "pk": 162,
    "fields": {
        "user": [
            "user2"
        ],
        "path": "developer/api/getCommunities/",
        "date": "2020-09-25T12:38:35.710Z"
    }
},
{
    "model": "accounts.navigationhistory",
    "pk": 163,
    "fields": {
        "user": [
            "user2"
        ],
        "path": "community/manage/testcommunity/drafts/accept/74bfc2468c4ccdafadec5d69c071533d",
        "date": "2020-09-25T12:38:36.349Z"
    }
},
{
    "model": "accounts.navigationhistory",
    "pk": 164,
    "fields": {
        "user": [
            "user2"
        ],
        "path": "c/testcommunity/q/ehden_final/",
        "date": "2020-09-25T12:38:36.449Z"
    }
},
{
    "model": "accounts.navigationhistory",
    "pk": 165,
    "fields": {
        "user": [
            "user2"
        ],
        "path": "developer/api/getCommunities/",
        "date": "2020-09-25T12:38:36.586Z"
    }
},
{
    "model": "accounts.navigationhistory",
    "pk": 166,
    "fields": {
        "user": [
            "user2"
        ],
        "path": "index",
        "date": "2020-09-25T12:38:42.199Z"
    }
},
{
    "model": "accounts.navigationhistory",
    "pk": 167,
    "fields": {
        "user": [
            "user2"
        ],
        "path": "developer/api/getCommunities/",
        "date": "2020-09-25T12:38:42.475Z"
    }
},
{
    "model": "accounts.navigationhistory",
    "pk": 168,
    "fields": {
        "user": [
            "user2"
        ],
        "path": "c/testcommunity/q/ehden_final/",
        "date": "2020-09-25T12:38:42.978Z"
    }
},
{
    "model": "accounts.navigationhistory",
    "pk": 169,
    "fields": {
        "user": [
            "user2"
        ],
        "path": "developer/api/getCommunities/",
        "date": "2020-09-25T12:38:43.224Z"
    }
},
{
    "model": "accounts.navigationhistory",
    "pk": 170,
    "fields": {
        "user": [
            "user2"
        ],
        "path": "c/testcommunity/fingerprint/74bfc2468c4ccdafadec5d69c071533d/",
        "date": "2020-09-25T12:38:44.141Z"
    }
},
{
    "model": "accounts.navigationhistory",
    "pk": 171,
    "fields": {
        "user": [
            "user2"
        ],
        "path": "developer/api/getCommunities/",
        "date": "2020-09-25T12:38:44.417Z"
    }
},
{
    "model": "accounts.navigationhistory",
    "pk": 172,
    "fields": {
        "user": [
            "user2"
        ],
        "path": "hitcount/hit/ajax/",
        "date": "2020-09-25T12:38:44.729Z"
    }
},
{
    "model": "accounts.navigationhistory",
    "pk": 173,
    "fields": {
        "user": [
            "user2"
        ],
        "path": "c/testcommunity/fingerprint/74bfc2468c4ccdafadec5d69c071533d/",
        "date": "2020-09-25T12:38:46.053Z"
    }
},
{
    "model": "accounts.navigationhistory",
    "pk": 174,
    "fields": {
        "user": [
            "user2"
        ],
        "path": "developer/api/getCommunities/",
        "date": "2020-09-25T12:38:46.243Z"
    }
},
{
    "model": "accounts.navigationhistory",
    "pk": 175,
    "fields": {
        "user": [
            "user2"
        ],
        "path": "hitcount/hit/ajax/",
        "date": "2020-09-25T12:38:46.527Z"
    }
},
{
    "model": "accounts.navigationhistory",
    "pk": 176,
    "fields": {
        "user": [
            "user2"
        ],
        "path": "index",
        "date": "2020-09-25T12:38:47.556Z"
    }
},
{
    "model": "accounts.navigationhistory",
    "pk": 177,
    "fields": {
        "user": [
            "user2"
        ],
        "path": "developer/api/getCommunities/",
        "date": "2020-09-25T12:38:47.687Z"
    }
},
{
    "model": "accounts.navigationhistory",
    "pk": 178,
    "fields": {
        "user": [
            "user1"
        ],
        "path": "index",
        "date": "2020-09-25T12:38:48.643Z"
    }
},
{
    "model": "accounts.navigationhistory",
    "pk": 179,
    "fields": {
        "user": [
            "user1"
        ],
        "path": "developer/api/getCommunities/",
        "date": "2020-09-25T12:38:48.818Z"
    }
},
{
    "model": "accounts.navigationhistory",
    "pk": 180,
    "fields": {
        "user": [
            "user1"
        ],
        "path": "notifications/",
        "date": "2020-09-25T12:38:49.053Z"
    }
},
{
    "model": "accounts.navigationhistory",
    "pk": 181,
    "fields": {
        "user": [
            "user1"
        ],
        "path": "developer/api/getCommunities/",
        "date": "2020-09-25T12:38:49.184Z"
    }
},
{
    "model": "accounts.navigationhistory",
    "pk": 182,
    "fields": {
        "user": [
            "user1"
        ],
        "path": "index",
        "date": "2020-09-25T12:39:00.699Z"
    }
},
{
    "model": "accounts.navigationhistory",
    "pk": 183,
    "fields": {
        "user": [
            "user1"
        ],
        "path": "developer/api/getCommunities/",
        "date": "2020-09-25T12:39:00.889Z"
    }
},
{
    "model": "accounts.navigationhistory",
    "pk": 184,
    "fields": {
        "user": [
            "user1"
        ],
        "path": "c/testcommunity/q/ehden_final/",
        "date": "2020-09-25T12:39:01.326Z"
    }
},
{
    "model": "accounts.navigationhistory",
    "pk": 185,
    "fields": {
        "user": [
            "user1"
        ],
        "path": "developer/api/getCommunities/",
        "date": "2020-09-25T12:39:01.472Z"
    }
},
{
    "model": "accounts.navigationhistory",
    "pk": 186,
    "fields": {
        "user": [
            "user1"
        ],
        "path": "c/testcommunity/fingerprint/74bfc2468c4ccdafadec5d69c071533d/",
        "date": "2020-09-25T12:39:02.261Z"
    }
},
{
    "model": "accounts.navigationhistory",
    "pk": 187,
    "fields": {
        "user": [
            "user1"
        ],
        "path": "developer/api/getCommunities/",
        "date": "2020-09-25T12:39:02.451Z"
    }
},
{
    "model": "accounts.navigationhistory",
    "pk": 188,
    "fields": {
        "user": [
            "user1"
        ],
        "path": "hitcount/hit/ajax/",
        "date": "2020-09-25T12:39:02.731Z"
    }
},
{
    "model": "accounts.navigationhistory",
    "pk": 189,
    "fields": {
        "user": [
            "user1"
        ],
        "path": "c/testcommunity/fingerprint/74bfc2468c4ccdafadec5d69c071533d/",
        "date": "2020-09-25T12:39:04.179Z"
    }
},
{
    "model": "accounts.navigationhistory",
    "pk": 190,
    "fields": {
        "user": [
            "user1"
        ],
        "path": "developer/api/getCommunities/",
        "date": "2020-09-25T12:39:04.345Z"
    }
},
{
    "model": "accounts.navigationhistory",
    "pk": 191,
    "fields": {
        "user": [
            "user1"
        ],
        "path": "hitcount/hit/ajax/",
        "date": "2020-09-25T12:39:04.630Z"
    }
},
{
    "model": "accounts.navigationhistory",
    "pk": 192,
    "fields": {
        "user": [
            "user1"
        ],
        "path": "index",
        "date": "2020-09-25T12:39:05.033Z"
    }
},
{
    "model": "accounts.navigationhistory",
    "pk": 193,
    "fields": {
        "user": [
            "user1"
        ],
        "path": "developer/api/getCommunities/",
        "date": "2020-09-25T12:39:05.193Z"
    }
},
{
    "model": "accounts.navigationhistory",
    "pk": 194,
    "fields": {
        "user": [
            "user1"
        ],
        "path": "notifications/",
        "date": "2020-09-25T12:39:05.534Z"
    }
},
{
    "model": "accounts.navigationhistory",
    "pk": 195,
    "fields": {
        "user": [
            "user1"
        ],
        "path": "developer/api/getCommunities/",
        "date": "2020-09-25T12:39:05.670Z"
    }
},
{
    "model": "accounts.navigationhistory",
    "pk": 196,
    "fields": {
        "user": [
            "user1"
        ],
        "path": "notifications/",
        "date": "2020-09-25T12:39:06.030Z"
    }
},
{
    "model": "accounts.navigationhistory",
    "pk": 197,
    "fields": {
        "user": [
            "user1"
        ],
        "path": "notifications/",
        "date": "2020-09-25T12:39:06.038Z"
    }
},
{
    "model": "accounts.navigationhistory",
    "pk": 198,
    "fields": {
        "user": [
            "user1"
        ],
        "path": "developer/api/getCommunities/",
        "date": "2020-09-25T12:39:06.158Z"
    }
},
{
    "model": "accounts.navigationhistory",
    "pk": 199,
    "fields": {
        "user": [
            "user1"
        ],
        "path": "index",
        "date": "2020-09-25T12:39:06.371Z"
    }
},
{
    "model": "accounts.navigationhistory",
    "pk": 200,
    "fields": {
        "user": [
            "user1"
        ],
        "path": "developer/api/getCommunities/",
        "date": "2020-09-25T12:39:06.516Z"
    }
},
{
    "model": "accounts.navigationhistory",
    "pk": 201,
    "fields": {
        "user": [
            "user2"
        ],
        "path": "index",
        "date": "2020-09-25T12:39:07.470Z"
    }
},
{
    "model": "accounts.navigationhistory",
    "pk": 202,
    "fields": {
        "user": [
            "user2"
        ],
        "path": "developer/api/getCommunities/",
        "date": "2020-09-25T12:39:07.653Z"
    }
},
{
    "model": "accounts.navigationhistory",
    "pk": 203,
    "fields": {
        "user": [
            "user2"
        ],
        "path": "c/testcommunity/q/ehden_final/",
        "date": "2020-09-25T12:39:08.078Z"
    }
},
{
    "model": "accounts.navigationhistory",
    "pk": 204,
    "fields": {
        "user": [
            "user2"
        ],
        "path": "developer/api/getCommunities/",
        "date": "2020-09-25T12:39:08.223Z"
    }
},
{
    "model": "accounts.navigationhistory",
    "pk": 205,
    "fields": {
        "user": [
            "user2"
        ],
        "path": "c/testcommunity/fingerprint/74bfc2468c4ccdafadec5d69c071533d/",
        "date": "2020-09-25T12:39:08.924Z"
    }
},
{
    "model": "accounts.navigationhistory",
    "pk": 206,
    "fields": {
        "user": [
            "user2"
        ],
        "path": "developer/api/getCommunities/",
        "date": "2020-09-25T12:39:09.110Z"
    }
},
{
    "model": "accounts.navigationhistory",
    "pk": 207,
    "fields": {
        "user": [
            "user2"
        ],
        "path": "hitcount/hit/ajax/",
        "date": "2020-09-25T12:39:09.399Z"
    }
},
{
    "model": "accounts.navigationhistory",
    "pk": 208,
    "fields": {
        "user": [
            "user2"
        ],
        "path": "index",
        "date": "2020-09-25T12:39:11.632Z"
    }
},
{
    "model": "accounts.navigationhistory",
    "pk": 209,
    "fields": {
        "user": [
            "user2"
        ],
        "path": "developer/api/getCommunities/",
        "date": "2020-09-25T12:39:11.775Z"
    }
},
{
    "model": "accounts.navigationhistory",
    "pk": 210,
    "fields": {
        "user": [
            "user1"
        ],
        "path": "index",
        "date": "2020-09-25T12:39:12.750Z"
    }
},
{
    "model": "accounts.navigationhistory",
    "pk": 211,
    "fields": {
        "user": [
            "user1"
        ],
        "path": "developer/api/getCommunities/",
        "date": "2020-09-25T12:39:12.922Z"
    }
},
{
    "model": "accounts.navigationhistory",
    "pk": 212,
    "fields": {
        "user": [
            "user1"
        ],
        "path": "c/testcommunity/q/ehden_final/",
        "date": "2020-09-25T12:39:13.327Z"
    }
},
{
    "model": "accounts.navigationhistory",
    "pk": 213,
    "fields": {
        "user": [
            "user1"
        ],
        "path": "developer/api/getCommunities/",
        "date": "2020-09-25T12:39:13.489Z"
    }
},
{
    "model": "accounts.navigationhistory",
    "pk": 214,
    "fields": {
        "user": [
            "user1"
        ],
        "path": "c/testcommunity/fingerprint/74bfc2468c4ccdafadec5d69c071533d/",
        "date": "2020-09-25T12:39:14.270Z"
    }
},
{
    "model": "accounts.navigationhistory",
    "pk": 215,
    "fields": {
        "user": [
            "user1"
        ],
        "path": "developer/api/getCommunities/",
        "date": "2020-09-25T12:39:14.469Z"
    }
},
{
    "model": "accounts.navigationhistory",
    "pk": 216,
    "fields": {
        "user": [
            "user1"
        ],
        "path": "hitcount/hit/ajax/",
        "date": "2020-09-25T12:39:14.757Z"
    }
},
{
    "model": "accounts.navigationhistory",
    "pk": 217,
    "fields": {
        "user": [
            "user1"
        ],
        "path": "index",
        "date": "2020-09-25T12:39:14.980Z"
    }
},
{
    "model": "accounts.navigationhistory",
    "pk": 218,
    "fields": {
        "user": [
            "user1"
        ],
        "path": "developer/api/getCommunities/",
        "date": "2020-09-25T12:39:15.127Z"
    }
},
{
    "model": "accounts.navigationhistory",
    "pk": 219,
    "fields": {
        "user": [
            "user2"
        ],
        "path": "index",
        "date": "2020-09-25T12:39:20.939Z"
    }
},
{
    "model": "accounts.navigationhistory",
    "pk": 220,
    "fields": {
        "user": [
            "user2"
        ],
        "path": "developer/api/getCommunities/",
        "date": "2020-09-25T12:39:21.224Z"
    }
},
{
    "model": "accounts.navigationhistory",
    "pk": 221,
    "fields": {
        "user": [
            "user2"
        ],
        "path": "developer/",
        "date": "2020-09-25T12:39:21.534Z"
    }
},
{
    "model": "accounts.navigationhistory",
    "pk": 222,
    "fields": {
        "user": [
            "user2"
        ],
        "path": "developer/api/getCommunities/",
        "date": "2020-09-25T12:39:21.754Z"
    }
},
{
    "model": "accounts.navigationhistory",
    "pk": 223,
    "fields": {
        "user": [
            "user2"
        ],
        "path": "developer/add",
        "date": "2020-09-25T12:39:22.071Z"
    }
},
{
    "model": "accounts.navigationhistory",
    "pk": 224,
    "fields": {
        "user": [
            "user2"
        ],
        "path": "developer/api/getCommunities/",
        "date": "2020-09-25T12:39:22.203Z"
    }
},
{
    "model": "accounts.navigationhistory",
    "pk": 225,
    "fields": {
        "user": [
            "user2"
        ],
        "path": "developer/checkname/",
        "date": "2020-09-25T12:39:22.235Z"
    }
},
{
    "model": "accounts.navigationhistory",
    "pk": 226,
    "fields": {
        "user": [
            "user2"
        ],
        "path": "developer/checkname/",
        "date": "2020-09-25T12:39:22.415Z"
    }
},
{
    "model": "accounts.navigationhistory",
    "pk": 227,
    "fields": {
        "user": [
            "user2"
        ],
        "path": "developer/checkname/",
        "date": "2020-09-25T12:39:22.425Z"
    }
},
{
    "model": "accounts.navigationhistory",
    "pk": 228,
    "fields": {
        "user": [
            "user2"
        ],
        "path": "developer/checkname/",
        "date": "2020-09-25T12:39:22.438Z"
    }
},
{
    "model": "accounts.navigationhistory",
    "pk": 229,
    "fields": {
        "user": [
            "user2"
        ],
        "path": "developer/checkname/",
        "date": "2020-09-25T12:39:22.462Z"
    }
},
{
    "model": "accounts.navigationhistory",
    "pk": 230,
    "fields": {
        "user": [
            "user2"
        ],
        "path": "developer/checkname/",
        "date": "2020-09-25T12:39:22.465Z"
    }
},
{
    "model": "accounts.navigationhistory",
    "pk": 231,
    "fields": {
        "user": [
            "user2"
        ],
        "path": "developer/checkname/",
        "date": "2020-09-25T12:39:22.479Z"
    }
},
{
    "model": "accounts.navigationhistory",
    "pk": 232,
    "fields": {
        "user": [
            "user2"
        ],
        "path": "developer/checkname/",
        "date": "2020-09-25T12:39:22.508Z"
    }
},
{
    "model": "accounts.navigationhistory",
    "pk": 233,
    "fields": {
        "user": [
            "user2"
        ],
        "path": "developer/checkname/",
        "date": "2020-09-25T12:39:22.512Z"
    }
},
{
    "model": "accounts.navigationhistory",
    "pk": 234,
    "fields": {
        "user": [
            "user2"
        ],
        "path": "developer/checkname/",
        "date": "2020-09-25T12:39:22.523Z"
    }
},
{
    "model": "accounts.navigationhistory",
    "pk": 235,
    "fields": {
        "user": [
            "user2"
        ],
        "path": "developer/checkname/",
        "date": "2020-09-25T12:39:22.545Z"
    }
},
{
    "model": "accounts.navigationhistory",
    "pk": 236,
    "fields": {
        "user": [
            "user2"
        ],
        "path": "developer/checkname/",
        "date": "2020-09-25T12:39:22.562Z"
    }
},
{
    "model": "accounts.navigationhistory",
    "pk": 237,
    "fields": {
        "user": [
            "user2"
        ],
        "path": "developer/checkname/",
        "date": "2020-09-25T12:39:22.572Z"
    }
},
{
    "model": "accounts.navigationhistory",
    "pk": 238,
    "fields": {
        "user": [
            "user2"
        ],
        "path": "developer/checkname/",
        "date": "2020-09-25T12:39:22.573Z"
    }
},
{
    "model": "accounts.navigationhistory",
    "pk": 239,
    "fields": {
        "user": [
            "user2"
        ],
        "path": "developer/da580eeb9cce0197f09e3192ad17eeb5",
        "date": "2020-09-25T12:39:22.849Z"
    }
},
{
    "model": "accounts.navigationhistory",
    "pk": 240,
    "fields": {
        "user": [
            "user2"
        ],
        "path": "developer/api/getCommunities/",
        "date": "2020-09-25T12:39:22.981Z"
    }
},
{
    "model": "accounts.navigationhistory",
    "pk": 241,
    "fields": {
        "user": [
            "user2"
        ],
        "path": "developer/checkname/",
        "date": "2020-09-25T12:39:23.025Z"
    }
},
{
    "model": "accounts.navigationhistory",
    "pk": 242,
    "fields": {
        "user": [
            "user2"
        ],
        "path": "developer/da580eeb9cce0197f09e3192ad17eeb5/add",
        "date": "2020-09-25T12:39:23.296Z"
    }
},
{
    "model": "accounts.navigationhistory",
    "pk": 243,
    "fields": {
        "user": [
            "user2"
        ],
        "path": "developer/api/getCommunities/",
        "date": "2020-09-25T12:39:23.433Z"
    }
},
{
    "model": "accounts.navigationhistory",
    "pk": 244,
    "fields": {
        "user": [
            "user2"
        ],
        "path": "developer/da580eeb9cce0197f09e3192ad17eeb5/1",
        "date": "2020-09-25T12:39:23.811Z"
    }
},
{
    "model": "accounts.navigationhistory",
    "pk": 245,
    "fields": {
        "user": [
            "user2"
        ],
        "path": "developer/api/getCommunities/",
        "date": "2020-09-25T12:39:23.938Z"
    }
},
{
    "model": "accounts.navigationhistory",
    "pk": 246,
    "fields": {
        "user": [
            "user2"
        ],
        "path": "developer/da580eeb9cce0197f09e3192ad17eeb5/1",
        "date": "2020-09-25T12:39:24.903Z"
    }
},
{
    "model": "accounts.navigationhistory",
    "pk": 247,
    "fields": {
        "user": [
            "user2"
        ],
        "path": "developer/api/getCommunities/",
        "date": "2020-09-25T12:39:25.045Z"
    }
},
{
    "model": "accounts.navigationhistory",
    "pk": 248,
    "fields": {
        "user": [
            "user2"
        ],
        "path": "developer/",
        "date": "2020-09-25T12:39:25.302Z"
    }
},
{
    "model": "accounts.navigationhistory",
    "pk": 249,
    "fields": {
        "user": [
            "user2"
        ],
        "path": "developer/api/getCommunities/",
        "date": "2020-09-25T12:39:25.437Z"
    }
},
{
    "model": "accounts.navigationhistory",
    "pk": 250,
    "fields": {
        "user": [
            "user1"
        ],
        "path": "index",
        "date": "2020-09-25T12:39:31.333Z"
    }
},
{
    "model": "accounts.navigationhistory",
    "pk": 251,
    "fields": {
        "user": [
            "user1"
        ],
        "path": "developer/api/getCommunities/",
        "date": "2020-09-25T12:39:31.598Z"
    }
},
{
    "model": "accounts.navigationhistory",
    "pk": 252,
    "fields": {
        "user": [
            "user1"
        ],
        "path": "c/testcommunity/q/ehden_final/",
        "date": "2020-09-25T12:39:32.191Z"
    }
},
{
    "model": "accounts.navigationhistory",
    "pk": 253,
    "fields": {
        "user": [
            "user1"
        ],
        "path": "developer/api/getCommunities/",
        "date": "2020-09-25T12:39:32.472Z"
    }
},
{
    "model": "accounts.navigationhistory",
    "pk": 254,
    "fields": {
        "user": [
            "user1"
        ],
        "path": "c/testcommunity/q/ehden_final/",
        "date": "2020-09-25T12:39:32.946Z"
    }
},
{
    "model": "accounts.navigationhistory",
    "pk": 255,
    "fields": {
        "user": [
            "user1"
        ],
        "path": "developer/api/getCommunities/",
        "date": "2020-09-25T12:39:33.085Z"
    }
},
{
    "model": "accounts.navigationhistory",
    "pk": 256,
    "fields": {
        "user": [
            "user1"
        ],
        "path": "c/testcommunity/fingerprint/74bfc2468c4ccdafadec5d69c071533d/",
        "date": "2020-09-25T12:39:33.875Z"
    }
},
{
    "model": "accounts.navigationhistory",
    "pk": 257,
    "fields": {
        "user": [
            "user1"
        ],
        "path": "developer/api/getCommunities/",
        "date": "2020-09-25T12:39:34.156Z"
    }
},
{
    "model": "accounts.navigationhistory",
    "pk": 258,
    "fields": {
        "user": [
            "user1"
        ],
        "path": "hitcount/hit/ajax/",
        "date": "2020-09-25T12:39:34.493Z"
    }
},
{
    "model": "accounts.navigationhistory",
    "pk": 259,
    "fields": {
        "user": [
            "user1"
        ],
        "path": "index",
        "date": "2020-09-25T12:39:34.700Z"
    }
},
{
    "model": "accounts.navigationhistory",
    "pk": 260,
    "fields": {
        "user": [
            "user1"
        ],
        "path": "developer/api/getCommunities/",
        "date": "2020-09-25T12:39:34.836Z"
    }
},
{
    "model": "accounts.navigationhistory",
    "pk": 261,
    "fields": {
        "user": [
            "user2"
        ],
        "path": "index",
        "date": "2020-09-25T12:39:35.805Z"
    }
},
{
    "model": "accounts.navigationhistory",
    "pk": 262,
    "fields": {
        "user": [
            "user2"
        ],
        "path": "developer/api/getCommunities/",
        "date": "2020-09-25T12:39:35.983Z"
    }
},
{
    "model": "accounts.navigationhistory",
    "pk": 263,
    "fields": {
        "user": [
            "user2"
        ],
        "path": "c/testcommunity/q/ehden_final/",
        "date": "2020-09-25T12:39:36.419Z"
    }
},
{
    "model": "accounts.navigationhistory",
    "pk": 264,
    "fields": {
        "user": [
            "user2"
        ],
        "path": "developer/api/getCommunities/",
        "date": "2020-09-25T12:39:36.587Z"
    }
},
{
    "model": "accounts.navigationhistory",
    "pk": 265,
    "fields": {
        "user": [
            "user2"
        ],
        "path": "community/manage/testcommunity/groups",
        "date": "2020-09-25T12:39:37.072Z"
    }
},
{
    "model": "accounts.navigationhistory",
    "pk": 266,
    "fields": {
        "user": [
            "user2"
        ],
        "path": "developer/api/getCommunities/",
        "date": "2020-09-25T12:39:37.249Z"
    }
},
{
    "model": "accounts.navigationhistory",
    "pk": 267,
    "fields": {
        "user": [
            "user2"
        ],
        "path": "community/testcommunity/api/user/groups",
        "date": "2020-09-25T12:39:37.558Z"
    }
},
{
    "model": "accounts.navigationhistory",
    "pk": 268,
    "fields": {
        "user": [
            "user2"
        ],
        "path": "community/manage/testcommunity/qsets/",
        "date": "2020-09-25T12:39:39.166Z"
    }
},
{
    "model": "accounts.navigationhistory",
    "pk": 269,
    "fields": {
        "user": [
            "user2"
        ],
        "path": "developer/api/getCommunities/",
        "date": "2020-09-25T12:39:39.312Z"
    }
},
{
    "model": "accounts.navigationhistory",
    "pk": 270,
    "fields": {
        "user": [
            "user2"
        ],
        "path": "community/testcommunity/api/qsets",
        "date": "2020-09-25T12:39:39.739Z"
    }
},
{
    "model": "accounts.navigationhistory",
    "pk": 271,
    "fields": {
        "user": [
            "user2"
        ],
        "path": "index",
        "date": "2020-09-25T12:39:41.160Z"
    }
},
{
    "model": "accounts.navigationhistory",
    "pk": 272,
    "fields": {
        "user": [
            "user2"
        ],
        "path": "developer/api/getCommunities/",
        "date": "2020-09-25T12:39:41.295Z"
    }
},
{
    "model": "accounts.navigationhistory",
    "pk": 273,
    "fields": {
        "user": [
            "user1"
        ],
        "path": "index",
        "date": "2020-09-25T12:39:42.275Z"
    }
},
{
    "model": "accounts.navigationhistory",
    "pk": 274,
    "fields": {
        "user": [
            "user1"
        ],
        "path": "developer/api/getCommunities/",
        "date": "2020-09-25T12:39:42.542Z"
    }
},
{
    "model": "accounts.navigationhistory",
    "pk": 275,
    "fields": {
        "user": [
            "user1"
        ],
        "path": "c/testcommunity/q/ehden_final/",
        "date": "2020-09-25T12:39:42.920Z"
    }
},
{
    "model": "accounts.navigationhistory",
    "pk": 276,
    "fields": {
        "user": [
            "user1"
        ],
        "path": "developer/api/getCommunities/",
        "date": "2020-09-25T12:39:43.089Z"
    }
},
{
    "model": "accounts.navigationhistory",
    "pk": 277,
    "fields": {
        "user": [
            "user1"
        ],
        "path": "c/testcommunity/fingerprint/74bfc2468c4ccdafadec5d69c071533d/",
        "date": "2020-09-25T12:39:43.944Z"
    }
},
{
    "model": "accounts.navigationhistory",
    "pk": 278,
    "fields": {
        "user": [
            "user1"
        ],
        "path": "developer/api/getCommunities/",
        "date": "2020-09-25T12:39:44.200Z"
    }
},
{
    "model": "accounts.navigationhistory",
    "pk": 279,
    "fields": {
        "user": [
            "user1"
        ],
        "path": "hitcount/hit/ajax/",
        "date": "2020-09-25T12:39:44.486Z"
    }
},
{
    "model": "accounts.navigationhistory",
    "pk": 280,
    "fields": {
        "user": [
            "user1"
        ],
        "path": "index",
        "date": "2020-09-25T12:39:49.090Z"
    }
},
{
    "model": "accounts.navigationhistory",
    "pk": 281,
    "fields": {
        "user": [
            "user1"
        ],
        "path": "developer/api/getCommunities/",
        "date": "2020-09-25T12:39:49.242Z"
    }
},
{
    "model": "accounts.navigationhistory",
    "pk": 282,
    "fields": {
        "user": [
            "user2"
        ],
        "path": "index",
        "date": "2020-09-25T12:39:50.191Z"
    }
},
{
    "model": "accounts.navigationhistory",
    "pk": 283,
    "fields": {
        "user": [
            "user2"
        ],
        "path": "developer/api/getCommunities/",
        "date": "2020-09-25T12:39:50.324Z"
    }
},
{
    "model": "accounts.navigationhistory",
    "pk": 284,
    "fields": {
        "user": [
            "user2"
        ],
        "path": "c/testcommunity/q/ehden_final/",
        "date": "2020-09-25T12:39:50.744Z"
    }
},
{
    "model": "accounts.navigationhistory",
    "pk": 285,
    "fields": {
        "user": [
            "user2"
        ],
        "path": "developer/api/getCommunities/",
        "date": "2020-09-25T12:39:50.883Z"
    }
},
{
    "model": "accounts.navigationhistory",
    "pk": 286,
    "fields": {
        "user": [
            "user2"
        ],
        "path": "community/manage/testcommunity/qsets/",
        "date": "2020-09-25T12:39:51.411Z"
    }
},
{
    "model": "accounts.navigationhistory",
    "pk": 287,
    "fields": {
        "user": [
            "user2"
        ],
        "path": "developer/api/getCommunities/",
        "date": "2020-09-25T12:39:51.580Z"
    }
},
{
    "model": "accounts.navigationhistory",
    "pk": 288,
    "fields": {
        "user": [
            "user2"
        ],
        "path": "community/testcommunity/api/qsets",
        "date": "2020-09-25T12:39:51.983Z"
    }
},
{
    "model": "accounts.navigationhistory",
    "pk": 289,
    "fields": {
        "user": [
            "user2"
        ],
        "path": "index",
        "date": "2020-09-25T12:39:53.403Z"
    }
},
{
    "model": "accounts.navigationhistory",
    "pk": 290,
    "fields": {
        "user": [
            "user2"
        ],
        "path": "developer/api/getCommunities/",
        "date": "2020-09-25T12:39:53.542Z"
    }
},
{
    "model": "accounts.navigationhistory",
    "pk": 291,
    "fields": {
        "user": [
            "user1"
        ],
        "path": "index",
        "date": "2020-09-25T12:39:54.524Z"
    }
},
{
    "model": "accounts.navigationhistory",
    "pk": 292,
    "fields": {
        "user": [
            "user1"
        ],
        "path": "developer/api/getCommunities/",
        "date": "2020-09-25T12:39:54.700Z"
    }
},
{
    "model": "accounts.navigationhistory",
    "pk": 293,
    "fields": {
        "user": [
            "user1"
        ],
        "path": "c/testcommunity/q/ehden_final/",
        "date": "2020-09-25T12:39:55.098Z"
    }
},
{
    "model": "accounts.navigationhistory",
    "pk": 294,
    "fields": {
        "user": [
            "user1"
        ],
        "path": "developer/api/getCommunities/",
        "date": "2020-09-25T12:39:55.240Z"
    }
},
{
    "model": "accounts.navigationhistory",
    "pk": 295,
    "fields": {
        "user": [
            "user1"
        ],
        "path": "c/testcommunity/fingerprint/74bfc2468c4ccdafadec5d69c071533d/",
        "date": "2020-09-25T12:39:56.117Z"
    }
},
{
    "model": "accounts.navigationhistory",
    "pk": 296,
    "fields": {
        "user": [
            "user1"
        ],
        "path": "developer/api/getCommunities/",
        "date": "2020-09-25T12:39:56.307Z"
    }
},
{
    "model": "accounts.navigationhistory",
    "pk": 297,
    "fields": {
        "user": [
            "user1"
        ],
        "path": "hitcount/hit/ajax/",
        "date": "2020-09-25T12:39:56.590Z"
    }
},
{
    "model": "accounts.navigationhistory",
    "pk": 298,
    "fields": {
        "user": [
            "user1"
        ],
        "path": "c/testcommunity/dbEdit/74bfc2468c4ccdafadec5d69c071533d/1/5/",
        "date": "2020-09-25T12:40:02.147Z"
    }
},
{
    "model": "accounts.navigationhistory",
    "pk": 299,
    "fields": {
        "user": [
            "user1"
        ],
        "path": "developer/api/getCommunities/",
        "date": "2020-09-25T12:40:02.307Z"
    }
},
{
    "model": "accounts.navigationhistory",
    "pk": 300,
    "fields": {
        "user": [
            "user1"
        ],
        "path": "c/testcommunity/fingerprint/74bfc2468c4ccdafadec5d69c071533d/5/",
        "date": "2020-09-25T12:40:04.248Z"
    }
},
{
    "model": "accounts.navigationhistory",
    "pk": 301,
    "fields": {
        "user": [
            "user1"
        ],
        "path": "developer/api/getCommunities/",
        "date": "2020-09-25T12:40:04.444Z"
    }
},
{
    "model": "accounts.navigationhistory",
    "pk": 302,
    "fields": {
        "user": [
            "user1"
        ],
        "path": "hitcount/hit/ajax/",
        "date": "2020-09-25T12:40:04.737Z"
    }
},
{
    "model": "accounts.navigationhistory",
    "pk": 303,
    "fields": {
        "user": [
            "user1"
        ],
        "path": "c/testcommunity/dbEdit/74bfc2468c4ccdafadec5d69c071533d/1/5/",
        "date": "2020-09-25T12:40:05.766Z"
    }
},
{
    "model": "accounts.navigationhistory",
    "pk": 304,
    "fields": {
        "user": [
            "user1"
        ],
        "path": "developer/api/getCommunities/",
        "date": "2020-09-25T12:40:05.908Z"
    }
},
{
    "model": "accounts.navigationhistory",
    "pk": 305,
    "fields": {
        "user": [
            "user1"
        ],
        "path": "c/testcommunity/fingerprint/74bfc2468c4ccdafadec5d69c071533d/5/",
        "date": "2020-09-25T12:40:07.631Z"
    }
},
{
    "model": "accounts.navigationhistory",
    "pk": 306,
    "fields": {
        "user": [
            "user1"
        ],
        "path": "developer/api/getCommunities/",
        "date": "2020-09-25T12:40:07.835Z"
    }
},
{
    "model": "accounts.navigationhistory",
    "pk": 307,
    "fields": {
        "user": [
            "user1"
        ],
        "path": "hitcount/hit/ajax/",
        "date": "2020-09-25T12:40:08.115Z"
    }
},
{
    "model": "accounts.navigationhistory",
    "pk": 308,
    "fields": {
        "user": [
            "user1"
        ],
        "path": "index",
        "date": "2020-09-25T12:40:08.908Z"
    }
},
{
    "model": "accounts.navigationhistory",
    "pk": 309,
    "fields": {
        "user": [
            "user1"
        ],
        "path": "developer/api/getCommunities/",
        "date": "2020-09-25T12:40:09.065Z"
    }
},
{
    "model": "accounts.navigationhistory",
    "pk": 310,
    "fields": {
        "user": [
            "user2"
        ],
        "path": "index",
        "date": "2020-09-25T12:40:10.072Z"
    }
},
{
    "model": "accounts.navigationhistory",
    "pk": 311,
    "fields": {
        "user": [
            "user2"
        ],
        "path": "developer/api/getCommunities/",
        "date": "2020-09-25T12:40:10.251Z"
    }
},
{
    "model": "accounts.navigationhistory",
    "pk": 312,
    "fields": {
        "user": [
            "user2"
        ],
        "path": "c/testcommunity/q/ehden_final/",
        "date": "2020-09-25T12:40:10.700Z"
    }
},
{
    "model": "accounts.navigationhistory",
    "pk": 313,
    "fields": {
        "user": [
            "user2"
        ],
        "path": "developer/api/getCommunities/",
        "date": "2020-09-25T12:40:10.847Z"
    }
},
{
    "model": "accounts.navigationhistory",
    "pk": 314,
    "fields": {
        "user": [
            "user2"
        ],
        "path": "community/manage/testcommunity/qsets/",
        "date": "2020-09-25T12:40:11.410Z"
    }
},
{
    "model": "accounts.navigationhistory",
    "pk": 315,
    "fields": {
        "user": [
            "user2"
        ],
        "path": "developer/api/getCommunities/",
        "date": "2020-09-25T12:40:11.583Z"
    }
},
{
    "model": "accounts.navigationhistory",
    "pk": 316,
    "fields": {
        "user": [
            "user2"
        ],
        "path": "community/testcommunity/api/qsets",
        "date": "2020-09-25T12:40:11.989Z"
    }
},
{
    "model": "accounts.navigationhistory",
    "pk": 317,
    "fields": {
        "user": [
            "user2"
        ],
        "path": "index",
        "date": "2020-09-25T12:40:13.438Z"
    }
},
{
    "model": "accounts.navigationhistory",
    "pk": 318,
    "fields": {
        "user": [
            "user2"
        ],
        "path": "developer/api/getCommunities/",
        "date": "2020-09-25T12:40:13.570Z"
    }
},
{
    "model": "accounts.navigationhistory",
    "pk": 319,
    "fields": {
        "user": [
            "user1"
        ],
        "path": "index",
        "date": "2020-09-25T12:40:19.533Z"
    }
},
{
    "model": "accounts.navigationhistory",
    "pk": 320,
    "fields": {
        "user": [
            "user1"
        ],
        "path": "developer/api/getCommunities/",
        "date": "2020-09-25T12:40:19.808Z"
    }
},
{
    "model": "accounts.navigationhistory",
    "pk": 321,
    "fields": {
        "user": [
            "user1"
        ],
        "path": "c/testcommunity/q/ehden_final/",
        "date": "2020-09-25T12:40:20.301Z"
    }
},
{
    "model": "accounts.navigationhistory",
    "pk": 322,
    "fields": {
        "user": [
            "user1"
        ],
        "path": "developer/api/getCommunities/",
        "date": "2020-09-25T12:40:20.566Z"
    }
},
{
    "model": "accounts.navigationhistory",
    "pk": 323,
    "fields": {
        "user": [
            "user1"
        ],
        "path": "c/testcommunity/fingerprint/74bfc2468c4ccdafadec5d69c071533d/",
        "date": "2020-09-25T12:40:21.521Z"
    }
},
{
    "model": "accounts.navigationhistory",
    "pk": 324,
    "fields": {
        "user": [
            "user1"
        ],
        "path": "developer/api/getCommunities/",
        "date": "2020-09-25T12:40:21.811Z"
    }
},
{
    "model": "accounts.navigationhistory",
    "pk": 325,
    "fields": {
        "user": [
            "user1"
        ],
        "path": "hitcount/hit/ajax/",
        "date": "2020-09-25T12:40:22.185Z"
    }
},
{
    "model": "accounts.navigationhistory",
    "pk": 326,
    "fields": {
        "user": [
            "user1"
        ],
        "path": "index",
        "date": "2020-09-25T12:40:22.531Z"
    }
},
{
    "model": "accounts.navigationhistory",
    "pk": 327,
    "fields": {
        "user": [
            "user1"
        ],
        "path": "developer/api/getCommunities/",
        "date": "2020-09-25T12:40:22.697Z"
    }
},
{
    "model": "accounts.navigationhistory",
    "pk": 328,
    "fields": {
        "user": [
            "user2"
        ],
        "path": "index",
        "date": "2020-09-25T12:40:23.740Z"
    }
},
{
    "model": "accounts.navigationhistory",
    "pk": 329,
    "fields": {
        "user": [
            "user2"
        ],
        "path": "developer/api/getCommunities/",
        "date": "2020-09-25T12:40:23.916Z"
    }
},
{
    "model": "accounts.navigationhistory",
    "pk": 330,
    "fields": {
        "user": [
            "user2"
        ],
        "path": "admin/",
        "date": "2020-09-25T12:40:24.225Z"
    }
},
{
    "model": "accounts.navigationhistory",
    "pk": 331,
    "fields": {
        "user": [
            "user2"
        ],
        "path": "admin/community/",
        "date": "2020-09-25T12:40:24.473Z"
    }
},
{
    "model": "accounts.navigationhistory",
    "pk": 332,
    "fields": {
        "user": [
            "user2"
        ],
        "path": "admin/community/communityuser/",
        "date": "2020-09-25T12:40:24.682Z"
    }
},
{
    "model": "accounts.navigationhistory",
    "pk": 333,
    "fields": {
        "user": [
            "user2"
        ],
        "path": "admin/community/communityuser/",
        "date": "2020-09-25T12:40:24.933Z"
    }
},
{
    "model": "accounts.navigationhistory",
    "pk": 334,
    "fields": {
        "user": [
            "user2"
        ],
        "path": "admin/community/communityuser/4/change/",
        "date": "2020-09-25T12:40:25.158Z"
    }
},
{
    "model": "accounts.navigationhistory",
    "pk": 335,
    "fields": {
        "user": [
            "user2"
        ],
        "path": "admin/community/communityuser/4/delete/",
        "date": "2020-09-25T12:40:25.379Z"
    }
},
{
    "model": "accounts.navigationhistory",
    "pk": 336,
    "fields": {
        "user": [
            "user2"
        ],
        "path": "admin/community/communityuser/",
        "date": "2020-09-25T12:40:25.655Z"
    }
},
{
    "model": "accounts.navigationhistory",
    "pk": 337,
    "fields": {
        "user": [
            "user2"
        ],
        "path": "index",
        "date": "2020-09-25T12:40:25.862Z"
    }
},
{
    "model": "accounts.navigationhistory",
    "pk": 338,
    "fields": {
        "user": [
            "user2"
        ],
        "path": "developer/api/getCommunities/",
        "date": "2020-09-25T12:40:26.146Z"
    }
},
{
    "model": "accounts.navigationhistory",
    "pk": 339,
    "fields": {
        "user": [
            "user2"
        ],
        "path": "index",
        "date": "2020-09-25T12:40:26.379Z"
    }
},
{
    "model": "accounts.navigationhistory",
    "pk": 340,
    "fields": {
        "user": [
            "user2"
        ],
        "path": "developer/api/getCommunities/",
        "date": "2020-09-25T12:40:26.523Z"
    }
},
{
    "model": "accounts.navigationhistory",
    "pk": 341,
    "fields": {
        "user": [
            "user1"
        ],
        "path": "index",
        "date": "2020-09-25T12:40:27.498Z"
    }
},
{
    "model": "accounts.navigationhistory",
    "pk": 342,
    "fields": {
        "user": [
            "user1"
        ],
        "path": "developer/api/getCommunities/",
        "date": "2020-09-25T12:40:27.628Z"
    }
},
{
    "model": "accounts.navigationhistory",
    "pk": 343,
    "fields": {
        "user": [
            "user1"
        ],
        "path": "community/join/testcommunity",
        "date": "2020-09-25T12:40:27.967Z"
    }
},
{
    "model": "accounts.navigationhistory",
    "pk": 344,
    "fields": {
        "user": [
            "user1"
        ],
        "path": "developer/api/getCommunities/",
        "date": "2020-09-25T12:40:28.090Z"
    }
},
{
    "model": "accounts.navigationhistory",
    "pk": 345,
    "fields": {
        "user": [
            "user1"
        ],
        "path": "community/join/testcommunity",
        "date": "2020-09-25T12:40:28.411Z"
    }
},
{
    "model": "accounts.navigationhistory",
    "pk": 346,
    "fields": {
        "user": [
            "user1"
        ],
        "path": "developer/api/getCommunities/",
        "date": "2020-09-25T12:40:28.540Z"
    }
},
{
    "model": "accounts.navigationhistory",
    "pk": 347,
    "fields": {
        "user": [
            "user1"
        ],
        "path": "index",
        "date": "2020-09-25T12:40:28.736Z"
    }
},
{
    "model": "accounts.navigationhistory",
    "pk": 348,
    "fields": {
        "user": [
            "user1"
        ],
        "path": "developer/api/getCommunities/",
        "date": "2020-09-25T12:40:28.856Z"
    }
},
{
    "model": "accounts.navigationhistory",
    "pk": 349,
    "fields": {
        "user": [
            "user2"
        ],
        "path": "index",
        "date": "2020-09-25T12:40:29.834Z"
    }
},
{
    "model": "accounts.navigationhistory",
    "pk": 350,
    "fields": {
        "user": [
            "user2"
        ],
        "path": "developer/api/getCommunities/",
        "date": "2020-09-25T12:40:29.962Z"
    }
},
{
    "model": "accounts.navigationhistory",
    "pk": 351,
    "fields": {
        "user": [
            "user2"
        ],
        "path": "admin/",
        "date": "2020-09-25T12:40:30.269Z"
    }
},
{
    "model": "accounts.navigationhistory",
    "pk": 352,
    "fields": {
        "user": [
            "user2"
        ],
        "path": "admin/community/communityuser/",
        "date": "2020-09-25T12:40:30.487Z"
    }
},
{
    "model": "accounts.navigationhistory",
    "pk": 353,
    "fields": {
        "user": [
            "user2"
        ],
        "path": "admin/community/communityuser/add/",
        "date": "2020-09-25T12:40:30.721Z"
    }
},
{
    "model": "accounts.navigationhistory",
    "pk": 354,
    "fields": {
        "user": [
            "user2"
        ],
        "path": "admin/community/communityuser/",
        "date": "2020-09-25T12:40:31.154Z"
    }
},
{
    "model": "accounts.navigationhistory",
    "pk": 355,
    "fields": {
        "user": [
            "user2"
        ],
        "path": "index",
        "date": "2020-09-25T12:40:31.359Z"
    }
},
{
    "model": "accounts.navigationhistory",
    "pk": 356,
    "fields": {
        "user": [
            "user2"
        ],
        "path": "developer/api/getCommunities/",
        "date": "2020-09-25T12:40:31.503Z"
    }
},
{
    "model": "accounts.navigationhistory",
    "pk": 357,
    "fields": {
        "user": [
            "user2"
        ],
        "path": "index",
        "date": "2020-09-25T12:40:31.714Z"
    }
},
{
    "model": "accounts.navigationhistory",
    "pk": 358,
    "fields": {
        "user": [
            "user2"
        ],
        "path": "developer/api/getCommunities/",
        "date": "2020-09-25T12:40:31.845Z"
    }
},
{
    "model": "accounts.navigationhistory",
    "pk": 359,
    "fields": {
        "user": [
            "user2"
        ],
        "path": "index",
        "date": "2020-09-25T12:40:37.869Z"
    }
},
{
    "model": "accounts.navigationhistory",
    "pk": 360,
    "fields": {
        "user": [
            "user2"
        ],
        "path": "developer/api/getCommunities/",
        "date": "2020-09-25T12:40:38.150Z"
    }
},
{
    "model": "accounts.navigationhistory",
    "pk": 361,
    "fields": {
        "user": [
            "user2"
        ],
        "path": "c/testcommunity/q/ehden_final/",
        "date": "2020-09-25T12:40:38.771Z"
    }
},
{
    "model": "accounts.navigationhistory",
    "pk": 362,
    "fields": {
        "user": [
            "user2"
        ],
        "path": "developer/api/getCommunities/",
        "date": "2020-09-25T12:40:39.014Z"
    }
},
{
    "model": "accounts.navigationhistory",
    "pk": 363,
    "fields": {
        "user": [
            "user2"
        ],
        "path": "c/testcommunity/fingerprint/74bfc2468c4ccdafadec5d69c071533d/",
        "date": "2020-09-25T12:40:39.896Z"
    }
},
{
    "model": "accounts.navigationhistory",
    "pk": 364,
    "fields": {
        "user": [
            "user2"
        ],
        "path": "developer/api/getCommunities/",
        "date": "2020-09-25T12:40:40.180Z"
    }
},
{
    "model": "accounts.navigationhistory",
    "pk": 365,
    "fields": {
        "user": [
            "user2"
        ],
        "path": "hitcount/hit/ajax/",
        "date": "2020-09-25T12:40:40.505Z"
    }
},
{
    "model": "accounts.navigationhistory",
    "pk": 366,
    "fields": {
        "user": [
            "user2"
        ],
        "path": "public/c/testcommunity/fingerprint/1ab2ed5f-5022-4c33-9d3e-f5760e19c35a",
        "date": "2020-09-25T12:40:42.306Z"
    }
},
{
    "model": "accounts.navigationhistory",
    "pk": 367,
    "fields": {
        "user": [
            "user2"
        ],
        "path": "developer/api/getCommunities/",
        "date": "2020-09-25T12:40:42.496Z"
    }
},
{
    "model": "accounts.navigationhistory",
    "pk": 368,
    "fields": {
        "user": [
            "user2"
        ],
        "path": "hitcount/hit/ajax/",
        "date": "2020-09-25T12:40:42.780Z"
    }
},
{
    "model": "accounts.navigationhistory",
    "pk": 369,
    "fields": {
        "user": [
            "user2"
        ],
        "path": "public/c/testcommunity/fingerprint/1ab2ed5f-5022-4c33-9d3e-f5760e19c35a",
        "date": "2020-09-25T12:40:43.842Z"
    }
},
{
    "model": "accounts.navigationhistory",
    "pk": 370,
    "fields": {
        "user": [
            "user2"
        ],
        "path": "developer/api/getCommunities/",
        "date": "2020-09-25T12:40:43.983Z"
    }
},
{
    "model": "accounts.navigationhistory",
    "pk": 371,
    "fields": {
        "user": [
            "user2"
        ],
        "path": "hitcount/hit/ajax/",
        "date": "2020-09-25T12:40:44.252Z"
    }
},
{
    "model": "accounts.navigationhistory",
    "pk": 372,
    "fields": {
        "user": [
            "user2"
        ],
        "path": "index",
        "date": "2020-09-25T12:40:45.140Z"
    }
},
{
    "model": "accounts.navigationhistory",
    "pk": 373,
    "fields": {
        "user": [
            "user2"
        ],
        "path": "developer/api/getCommunities/",
        "date": "2020-09-25T12:40:45.272Z"
    }
},
{
    "model": "accounts.navigationhistory",
    "pk": 374,
    "fields": {
        "user": [
            "user2"
        ],
        "path": "index",
        "date": "2020-09-25T12:40:51.436Z"
    }
},
{
    "model": "accounts.navigationhistory",
    "pk": 375,
    "fields": {
        "user": [
            "user2"
        ],
        "path": "developer/api/getCommunities/",
        "date": "2020-09-25T12:40:51.611Z"
    }
},
{
    "model": "accounts.navigationhistory",
    "pk": 376,
    "fields": {
        "user": [
            "user2"
        ],
        "path": "c/testcommunity/q/ehden_final/",
        "date": "2020-09-25T12:40:52.025Z"
    }
},
{
    "model": "accounts.navigationhistory",
    "pk": 377,
    "fields": {
        "user": [
            "user2"
        ],
        "path": "developer/api/getCommunities/",
        "date": "2020-09-25T12:40:52.166Z"
    }
},
{
    "model": "accounts.navigationhistory",
    "pk": 378,
    "fields": {
        "user": [
            "user2"
        ],
        "path": "c/testcommunity/fingerprint/74bfc2468c4ccdafadec5d69c071533d/",
        "date": "2020-09-25T12:40:52.989Z"
    }
},
{
    "model": "accounts.navigationhistory",
    "pk": 379,
    "fields": {
        "user": [
            "user2"
        ],
        "path": "developer/api/getCommunities/",
        "date": "2020-09-25T12:40:53.194Z"
    }
},
{
    "model": "accounts.navigationhistory",
    "pk": 380,
    "fields": {
        "user": [
            "user2"
        ],
        "path": "hitcount/hit/ajax/",
        "date": "2020-09-25T12:40:53.471Z"
    }
},
{
    "model": "accounts.navigationhistory",
    "pk": 381,
    "fields": {
        "user": [
            "user2"
        ],
        "path": "index",
        "date": "2020-09-25T12:40:55.032Z"
    }
},
{
    "model": "accounts.navigationhistory",
    "pk": 382,
    "fields": {
        "user": [
            "user2"
        ],
        "path": "developer/api/getCommunities/",
        "date": "2020-09-25T12:40:55.175Z"
    }
},
{
    "model": "accounts.navigationhistory",
    "pk": 383,
    "fields": {
        "user": [
            "user2"
        ],
        "path": "index",
        "date": "2020-09-25T12:41:01.243Z"
    }
},
{
    "model": "accounts.navigationhistory",
    "pk": 384,
    "fields": {
        "user": [
            "user2"
        ],
        "path": "developer/api/getCommunities/",
        "date": "2020-09-25T12:41:01.533Z"
    }
},
{
    "model": "accounts.navigationhistory",
    "pk": 385,
    "fields": {
        "user": [
            "user2"
        ],
        "path": "c/testcommunity/q/ehden_final/",
        "date": "2020-09-25T12:41:02.062Z"
    }
},
{
    "model": "accounts.navigationhistory",
    "pk": 386,
    "fields": {
        "user": [
            "user2"
        ],
        "path": "developer/api/getCommunities/",
        "date": "2020-09-25T12:41:02.348Z"
    }
},
{
    "model": "accounts.navigationhistory",
    "pk": 387,
    "fields": {
        "user": [
            "user2"
        ],
        "path": "c/testcommunity/advancedSearch/1/1/",
        "date": "2020-09-25T12:41:03.015Z"
    }
},
{
    "model": "accounts.navigationhistory",
    "pk": 388,
    "fields": {
        "user": [
            "user2"
        ],
        "path": "developer/api/getCommunities/",
        "date": "2020-09-25T12:41:03.180Z"
    }
},
{
    "model": "accounts.navigationhistory",
    "pk": 389,
    "fields": {
        "user": [
            "user2"
        ],
        "path": "c/testcommunity/searchqs/1/1/",
        "date": "2020-09-25T12:41:03.402Z"
    }
},
{
    "model": "accounts.navigationhistory",
    "pk": 390,
    "fields": {
        "user": [
            "user2"
        ],
        "path": "c/testcommunity/resultsdiff/1",
        "date": "2020-09-25T12:41:07.383Z"
    }
},
{
    "model": "accounts.navigationhistory",
    "pk": 391,
    "fields": {
        "user": [
            "user2"
        ],
        "path": "developer/api/getCommunities/",
        "date": "2020-09-25T12:41:07.555Z"
    }
},
{
    "model": "accounts.navigationhistory",
    "pk": 392,
    "fields": {
        "user": [
            "user2"
        ],
        "path": "c/testcommunity/advancedSearch/1/1/1",
        "date": "2020-09-25T12:41:08.518Z"
    }
},
{
    "model": "accounts.navigationhistory",
    "pk": 393,
    "fields": {
        "user": [
            "user2"
        ],
        "path": "developer/api/getCommunities/",
        "date": "2020-09-25T12:41:08.651Z"
    }
},
{
    "model": "accounts.navigationhistory",
    "pk": 394,
    "fields": {
        "user": [
            "user2"
        ],
        "path": "c/testcommunity/searchqs/1/1/1/",
        "date": "2020-09-25T12:41:09.064Z"
    }
},
{
    "model": "accounts.navigationhistory",
    "pk": 395,
    "fields": {
        "user": [
            "user2"
        ],
        "path": "advancedSearch/1/2/",
        "date": "2020-09-25T12:41:09.496Z"
    }
},
{
    "model": "accounts.navigationhistory",
    "pk": 396,
    "fields": {
        "user": [
            "user2"
        ],
        "path": "c/testcommunity/searchqs/1/2/1/",
        "date": "2020-09-25T12:41:09.567Z"
    }
},
{
    "model": "accounts.navigationhistory",
    "pk": 397,
    "fields": {
        "user": [
            "user2"
        ],
        "path": "developer/api/getCommunities/",
        "date": "2020-09-25T12:41:09.650Z"
    }
},
{
    "model": "accounts.navigationhistory",
    "pk": 398,
    "fields": {
        "user": [
            "user2"
        ],
        "path": "searchqs/1/2/",
        "date": "2020-09-25T12:41:09.839Z"
    }
},
{
    "model": "accounts.navigationhistory",
    "pk": 399,
    "fields": {
        "user": [
            "user2"
        ],
        "path": "resultsdiff/1",
        "date": "2020-09-25T12:41:11.176Z"
    }
},
{
    "model": "accounts.navigationhistory",
    "pk": 400,
    "fields": {
        "user": [
            "user2"
        ],
        "path": "developer/api/getCommunities/",
        "date": "2020-09-25T12:41:11.311Z"
    }
},
{
    "model": "accounts.navigationhistory",
    "pk": 401,
    "fields": {
        "user": [
            "user1"
        ],
        "path": "index",
        "date": "2020-09-25T12:41:17.359Z"
    }
},
{
    "model": "accounts.navigationhistory",
    "pk": 402,
    "fields": {
        "user": [
            "user1"
        ],
        "path": "developer/api/getCommunities/",
        "date": "2020-09-25T12:41:17.645Z"
    }
},
{
    "model": "accounts.navigationhistory",
    "pk": 403,
    "fields": {
        "user": [
            "user1"
        ],
        "path": "resultsdiff/1",
        "date": "2020-09-25T12:41:18.388Z"
    }
},
{
    "model": "accounts.navigationhistory",
    "pk": 404,
    "fields": {
        "user": [
            "user1"
        ],
        "path": "developer/api/getCommunities/",
        "date": "2020-09-25T12:41:18.591Z"
    }
},
{
    "model": "accounts.navigationhistory",
    "pk": 405,
    "fields": {
        "user": [
            "user1"
        ],
        "path": "resultsdiff/1",
        "date": "2020-09-25T12:41:19.416Z"
    }
},
{
    "model": "accounts.navigationhistory",
    "pk": 406,
    "fields": {
        "user": [
            "user1"
        ],
        "path": "developer/api/getCommunities/",
        "date": "2020-09-25T12:41:19.546Z"
    }
},
{
    "model": "accounts.navigationhistory",
    "pk": 407,
    "fields": {
        "user": [
            "user1"
        ],
        "path": "resultsdiff/1",
        "date": "2020-09-25T12:41:20.341Z"
    }
},
{
    "model": "accounts.navigationhistory",
    "pk": 408,
    "fields": {
        "user": [
            "user1"
        ],
        "path": "developer/api/getCommunities/",
        "date": "2020-09-25T12:41:20.559Z"
    }
},
{
    "model": "accounts.navigationhistory",
    "pk": 409,
    "fields": {
        "user": [
            "user1"
        ],
        "path": "resultsdiff/1",
        "date": "2020-09-25T12:41:21.271Z"
    }
},
{
    "model": "accounts.navigationhistory",
    "pk": 410,
    "fields": {
        "user": [
            "user1"
        ],
        "path": "developer/api/getCommunities/",
        "date": "2020-09-25T12:41:21.405Z"
    }
},
{
    "model": "accounts.navigationhistory",
    "pk": 411,
    "fields": {
        "user": [
            "user1"
        ],
        "path": "resultsdiff/1",
        "date": "2020-09-25T12:41:22.114Z"
    }
},
{
    "model": "accounts.navigationhistory",
    "pk": 412,
    "fields": {
        "user": [
            "user1"
        ],
        "path": "developer/api/getCommunities/",
        "date": "2020-09-25T12:41:22.241Z"
    }
},
{
    "model": "accounts.navigationhistory",
    "pk": 413,
    "fields": {
        "user": [
            "user1"
        ],
        "path": "resultsdiff/1",
        "date": "2020-09-25T12:41:23.014Z"
    }
},
{
    "model": "accounts.navigationhistory",
    "pk": 414,
    "fields": {
        "user": [
            "user1"
        ],
        "path": "developer/api/getCommunities/",
        "date": "2020-09-25T12:41:23.144Z"
    }
},
{
    "model": "accounts.navigationhistory",
    "pk": 415,
    "fields": {
        "user": [
            "user1"
        ],
        "path": "resultsdiff/1",
        "date": "2020-09-25T12:41:23.819Z"
    }
},
{
    "model": "accounts.navigationhistory",
    "pk": 416,
    "fields": {
        "user": [
            "user1"
        ],
        "path": "developer/api/getCommunities/",
        "date": "2020-09-25T12:41:23.939Z"
    }
},
{
    "model": "accounts.navigationhistory",
    "pk": 417,
    "fields": {
        "user": [
            "user1"
        ],
        "path": "resultsdiff/1",
        "date": "2020-09-25T12:41:24.630Z"
    }
},
{
    "model": "accounts.navigationhistory",
    "pk": 418,
    "fields": {
        "user": [
            "user1"
        ],
        "path": "developer/api/getCommunities/",
        "date": "2020-09-25T12:41:24.752Z"
    }
},
{
    "model": "accounts.navigationhistory",
    "pk": 419,
    "fields": {
        "user": [
            "user1"
        ],
        "path": "index",
        "date": "2020-09-25T12:41:24.973Z"
    }
},
{
    "model": "accounts.navigationhistory",
    "pk": 420,
    "fields": {
        "user": [
            "user1"
        ],
        "path": "developer/api/getCommunities/",
        "date": "2020-09-25T12:41:25.097Z"
    }
},
{
    "model": "accounts.navigationhistory",
    "pk": 421,
    "fields": {
        "user": [
            "user2"
        ],
        "path": "index",
        "date": "2020-09-25T12:41:26.168Z"
    }
},
{
    "model": "accounts.navigationhistory",
    "pk": 422,
    "fields": {
        "user": [
            "user2"
        ],
        "path": "developer/api/getCommunities/",
        "date": "2020-09-25T12:41:26.343Z"
    }
},
{
    "model": "accounts.navigationhistory",
    "pk": 423,
    "fields": {
        "user": [
            "user2"
        ],
        "path": "admin/",
        "date": "2020-09-25T12:41:26.667Z"
    }
},
{
    "model": "accounts.navigationhistory",
    "pk": 424,
    "fields": {
        "user": [
            "user2"
        ],
        "path": "admin/community/",
        "date": "2020-09-25T12:41:26.917Z"
    }
},
{
    "model": "accounts.navigationhistory",
    "pk": 425,
    "fields": {
        "user": [
            "user2"
        ],
        "path": "admin/community/communityuser/",
        "date": "2020-09-25T12:41:27.116Z"
    }
},
{
    "model": "accounts.navigationhistory",
    "pk": 426,
    "fields": {
        "user": [
            "user2"
        ],
        "path": "admin/community/communityuser/",
        "date": "2020-09-25T12:41:27.367Z"
    }
},
{
    "model": "accounts.navigationhistory",
    "pk": 427,
    "fields": {
        "user": [
            "user2"
        ],
        "path": "admin/community/communityuser/5/change/",
        "date": "2020-09-25T12:41:27.599Z"
    }
},
{
    "model": "accounts.navigationhistory",
    "pk": 428,
    "fields": {
        "user": [
            "user2"
        ],
        "path": "admin/community/communityuser/5/delete/",
        "date": "2020-09-25T12:41:27.898Z"
    }
},
{
    "model": "accounts.navigationhistory",
    "pk": 429,
    "fields": {
        "user": [
            "user2"
        ],
        "path": "admin/community/communityuser/",
        "date": "2020-09-25T12:41:28.131Z"
    }
},
{
    "model": "accounts.navigationhistory",
    "pk": 430,
    "fields": {
        "user": [
            "user2"
        ],
        "path": "index",
        "date": "2020-09-25T12:41:28.325Z"
    }
},
{
    "model": "accounts.navigationhistory",
    "pk": 431,
    "fields": {
        "user": [
            "user2"
        ],
        "path": "developer/api/getCommunities/",
        "date": "2020-09-25T12:41:28.596Z"
    }
},
{
    "model": "accounts.navigationhistory",
    "pk": 432,
    "fields": {
        "user": [
            "user2"
        ],
        "path": "index",
        "date": "2020-09-25T12:41:28.868Z"
    }
},
{
    "model": "accounts.navigationhistory",
    "pk": 433,
    "fields": {
        "user": [
            "user2"
        ],
        "path": "developer/api/getCommunities/",
        "date": "2020-09-25T12:41:29.011Z"
    }
},
{
    "model": "accounts.navigationhistory",
    "pk": 434,
    "fields": {
        "user": [
            "user1"
        ],
        "path": "index",
        "date": "2020-09-25T12:41:30.014Z"
    }
},
{
    "model": "accounts.navigationhistory",
    "pk": 435,
    "fields": {
        "user": [
            "user1"
        ],
        "path": "developer/api/getCommunities/",
        "date": "2020-09-25T12:41:30.179Z"
    }
},
{
    "model": "accounts.navigationhistory",
    "pk": 436,
    "fields": {
        "user": [
            "user1"
        ],
        "path": "resultsdiff/1",
        "date": "2020-09-25T12:41:30.814Z"
    }
},
{
    "model": "accounts.navigationhistory",
    "pk": 437,
    "fields": {
        "user": [
            "user1"
        ],
        "path": "developer/api/getCommunities/",
        "date": "2020-09-25T12:41:30.936Z"
    }
},
{
    "model": "accounts.navigationhistory",
    "pk": 438,
    "fields": {
        "user": [
            "user1"
        ],
        "path": "resultsdiff/1",
        "date": "2020-09-25T12:41:31.640Z"
    }
},
{
    "model": "accounts.navigationhistory",
    "pk": 439,
    "fields": {
        "user": [
            "user1"
        ],
        "path": "developer/api/getCommunities/",
        "date": "2020-09-25T12:41:31.757Z"
    }
},
{
    "model": "accounts.navigationhistory",
    "pk": 440,
    "fields": {
        "user": [
            "user1"
        ],
        "path": "resultsdiff/1",
        "date": "2020-09-25T12:41:32.446Z"
    }
},
{
    "model": "accounts.navigationhistory",
    "pk": 441,
    "fields": {
        "user": [
            "user1"
        ],
        "path": "developer/api/getCommunities/",
        "date": "2020-09-25T12:41:32.569Z"
    }
},
{
    "model": "accounts.navigationhistory",
    "pk": 442,
    "fields": {
        "user": [
            "user1"
        ],
        "path": "resultsdiff/1",
        "date": "2020-09-25T12:41:33.289Z"
    }
},
{
    "model": "accounts.navigationhistory",
    "pk": 443,
    "fields": {
        "user": [
            "user1"
        ],
        "path": "developer/api/getCommunities/",
        "date": "2020-09-25T12:41:33.413Z"
    }
},
{
    "model": "accounts.navigationhistory",
    "pk": 444,
    "fields": {
        "user": [
            "user1"
        ],
        "path": "resultsdiff/1",
        "date": "2020-09-25T12:41:34.022Z"
    }
},
{
    "model": "accounts.navigationhistory",
    "pk": 445,
    "fields": {
        "user": [
            "user1"
        ],
        "path": "developer/api/getCommunities/",
        "date": "2020-09-25T12:41:34.137Z"
    }
},
{
    "model": "accounts.navigationhistory",
    "pk": 446,
    "fields": {
        "user": [
            "user1"
        ],
        "path": "resultsdiff/1",
        "date": "2020-09-25T12:41:34.837Z"
    }
},
{
    "model": "accounts.navigationhistory",
    "pk": 447,
    "fields": {
        "user": [
            "user1"
        ],
        "path": "developer/api/getCommunities/",
        "date": "2020-09-25T12:41:34.963Z"
    }
},
{
    "model": "accounts.navigationhistory",
    "pk": 448,
    "fields": {
        "user": [
            "user1"
        ],
        "path": "index",
        "date": "2020-09-25T12:41:35.168Z"
    }
},
{
    "model": "accounts.navigationhistory",
    "pk": 449,
    "fields": {
        "user": [
            "user1"
        ],
        "path": "developer/api/getCommunities/",
        "date": "2020-09-25T12:41:35.297Z"
    }
},
{
    "model": "accounts.navigationhistory",
    "pk": 450,
    "fields": {
        "user": [
            "user2"
        ],
        "path": "index",
        "date": "2020-09-25T12:41:36.361Z"
    }
},
{
    "model": "accounts.navigationhistory",
    "pk": 451,
    "fields": {
        "user": [
            "user2"
        ],
        "path": "developer/api/getCommunities/",
        "date": "2020-09-25T12:41:36.541Z"
    }
},
{
    "model": "accounts.navigationhistory",
    "pk": 452,
    "fields": {
        "user": [
            "user2"
        ],
        "path": "admin/",
        "date": "2020-09-25T12:41:36.854Z"
    }
},
{
    "model": "accounts.navigationhistory",
    "pk": 453,
    "fields": {
        "user": [
            "user2"
        ],
        "path": "admin/community/communityuser/",
        "date": "2020-09-25T12:41:37.082Z"
    }
},
{
    "model": "accounts.navigationhistory",
    "pk": 454,
    "fields": {
        "user": [
            "user2"
        ],
        "path": "admin/community/communityuser/add/",
        "date": "2020-09-25T12:41:37.317Z"
    }
},
{
    "model": "accounts.navigationhistory",
    "pk": 455,
    "fields": {
        "user": [
            "user2"
        ],
        "path": "admin/community/communityuser/",
        "date": "2020-09-25T12:41:37.719Z"
    }
},
{
    "model": "accounts.navigationhistory",
    "pk": 456,
    "fields": {
        "user": [
            "user2"
        ],
        "path": "index",
        "date": "2020-09-25T12:41:37.920Z"
    }
},
{
    "model": "accounts.navigationhistory",
    "pk": 457,
    "fields": {
        "user": [
            "user2"
        ],
        "path": "developer/api/getCommunities/",
        "date": "2020-09-25T12:41:38.146Z"
    }
},
{
    "model": "accounts.navigationhistory",
    "pk": 458,
    "fields": {
        "user": [
            "user2"
        ],
        "path": "index",
        "date": "2020-09-25T12:41:38.379Z"
    }
},
{
    "model": "accounts.navigationhistory",
    "pk": 459,
    "fields": {
        "user": [
            "user2"
        ],
        "path": "developer/api/getCommunities/",
        "date": "2020-09-25T12:41:38.519Z"
    }
},
{
    "model": "accounts.navigationhistory",
    "pk": 460,
    "fields": {
        "user": [
            "user2"
        ],
        "path": "index",
        "date": "2020-09-25T12:41:44.843Z"
    }
},
{
    "model": "accounts.navigationhistory",
    "pk": 461,
    "fields": {
        "user": [
            "user2"
        ],
        "path": "developer/api/getCommunities/",
        "date": "2020-09-25T12:41:45.142Z"
    }
},
{
    "model": "accounts.navigationhistory",
    "pk": 462,
    "fields": {
        "user": [
            "user2"
        ],
        "path": "c/testcommunity/q/ehden_final/",
        "date": "2020-09-25T12:41:45.650Z"
    }
},
{
    "model": "accounts.navigationhistory",
    "pk": 463,
    "fields": {
        "user": [
            "user2"
        ],
        "path": "developer/api/getCommunities/",
        "date": "2020-09-25T12:41:45.933Z"
    }
},
{
    "model": "accounts.navigationhistory",
    "pk": 464,
    "fields": {
        "user": [
            "user2"
        ],
        "path": "community/manage/testcommunity/groups",
        "date": "2020-09-25T12:41:46.455Z"
    }
},
{
    "model": "accounts.navigationhistory",
    "pk": 465,
    "fields": {
        "user": [
            "user2"
        ],
        "path": "developer/api/getCommunities/",
        "date": "2020-09-25T12:41:46.646Z"
    }
},
{
    "model": "accounts.navigationhistory",
    "pk": 466,
    "fields": {
        "user": [
            "user2"
        ],
        "path": "community/manage/testcommunity/groups",
        "date": "2020-09-25T12:41:47.399Z"
    }
},
{
    "model": "accounts.navigationhistory",
    "pk": 467,
    "fields": {
        "user": [
            "user2"
        ],
        "path": "developer/api/getCommunities/",
        "date": "2020-09-25T12:41:47.538Z"
    }
},
{
    "model": "accounts.navigationhistory",
    "pk": 468,
    "fields": {
        "user": [
            "user2"
        ],
        "path": "index",
        "date": "2020-09-25T12:41:47.818Z"
    }
},
{
    "model": "accounts.navigationhistory",
    "pk": 469,
    "fields": {
        "user": [
            "user2"
        ],
        "path": "developer/api/getCommunities/",
        "date": "2020-09-25T12:41:47.958Z"
    }
},
{
    "model": "accounts.navigationhistory",
    "pk": 470,
    "fields": {
        "user": [
            "user2"
        ],
        "path": "c/testcommunity/q/ehden_final/",
        "date": "2020-09-25T12:41:48.373Z"
    }
},
{
    "model": "accounts.navigationhistory",
    "pk": 471,
    "fields": {
        "user": [
            "user2"
        ],
        "path": "developer/api/getCommunities/",
        "date": "2020-09-25T12:41:48.520Z"
    }
},
{
    "model": "accounts.navigationhistory",
    "pk": 472,
    "fields": {
        "user": [
            "user2"
        ],
        "path": "community/manage/testcommunity/groups",
        "date": "2020-09-25T12:41:48.945Z"
    }
},
{
    "model": "accounts.navigationhistory",
    "pk": 473,
    "fields": {
        "user": [
            "user2"
        ],
        "path": "developer/api/getCommunities/",
        "date": "2020-09-25T12:41:49.098Z"
    }
},
{
    "model": "accounts.navigationhistory",
    "pk": 474,
    "fields": {
        "user": [
            "user2"
        ],
        "path": "index",
        "date": "2020-09-25T12:41:55.198Z"
    }
},
{
    "model": "accounts.navigationhistory",
    "pk": 475,
    "fields": {
        "user": [
            "user2"
        ],
        "path": "developer/api/getCommunities/",
        "date": "2020-09-25T12:41:55.470Z"
    }
},
{
    "model": "accounts.navigationhistory",
    "pk": 476,
    "fields": {
        "user": [
            "user2"
        ],
        "path": "c/testcommunity/q/ehden_final/",
        "date": "2020-09-25T12:41:55.997Z"
    }
},
{
    "model": "accounts.navigationhistory",
    "pk": 477,
    "fields": {
        "user": [
            "user2"
        ],
        "path": "developer/api/getCommunities/",
        "date": "2020-09-25T12:41:56.265Z"
    }
},
{
    "model": "accounts.navigationhistory",
    "pk": 478,
    "fields": {
        "user": [
            "user2"
        ],
        "path": "community/manage/testcommunity/components",
        "date": "2020-09-25T12:41:56.723Z"
    }
},
{
    "model": "accounts.navigationhistory",
    "pk": 479,
    "fields": {
        "user": [
            "user2"
        ],
        "path": "developer/api/getCommunities/",
        "date": "2020-09-25T12:41:56.914Z"
    }
},
{
    "model": "accounts.navigationhistory",
    "pk": 480,
    "fields": {
        "user": [
            "user2"
        ],
        "path": "community/manage/testcommunity/components",
        "date": "2020-09-25T12:41:57.311Z"
    }
},
{
    "model": "accounts.navigationhistory",
    "pk": 481,
    "fields": {
        "user": [
            "user2"
        ],
        "path": "developer/api/getCommunities/",
        "date": "2020-09-25T12:41:57.449Z"
    }
},
{
    "model": "accounts.navigationhistory",
    "pk": 482,
    "fields": {
        "user": [
            "user2"
        ],
        "path": "index",
        "date": "2020-09-25T12:41:57.857Z"
    }
},
{
    "model": "accounts.navigationhistory",
    "pk": 483,
    "fields": {
        "user": [
            "user2"
        ],
        "path": "developer/api/getCommunities/",
        "date": "2020-09-25T12:41:57.987Z"
    }
},
{
    "model": "accounts.navigationhistory",
    "pk": 484,
    "fields": {
        "user": [
            "user2"
        ],
        "path": "c/testcommunity/q/ehden_final/",
        "date": "2020-09-25T12:41:58.411Z"
    }
},
{
    "model": "accounts.navigationhistory",
    "pk": 485,
    "fields": {
        "user": [
            "user2"
        ],
        "path": "developer/api/getCommunities/",
        "date": "2020-09-25T12:41:58.552Z"
    }
},
{
    "model": "accounts.navigationhistory",
    "pk": 486,
    "fields": {
        "user": [
            "user2"
        ],
        "path": "index",
        "date": "2020-09-25T12:41:58.829Z"
    }
},
{
    "model": "accounts.navigationhistory",
    "pk": 487,
    "fields": {
        "user": [
            "user2"
        ],
        "path": "developer/api/getCommunities/",
        "date": "2020-09-25T12:41:58.956Z"
    }
},
{
    "model": "accounts.navigationhistory",
    "pk": 488,
    "fields": {
        "user": [
            "user1"
        ],
        "path": "index",
        "date": "2020-09-25T12:41:59.951Z"
    }
},
{
    "model": "accounts.navigationhistory",
    "pk": 489,
    "fields": {
        "user": [
            "user1"
        ],
        "path": "developer/api/getCommunities/",
        "date": "2020-09-25T12:42:00.128Z"
    }
},
{
    "model": "accounts.navigationhistory",
    "pk": 490,
    "fields": {
        "user": [
            "user1"
        ],
        "path": "c/testcommunity/q/ehden_final/",
        "date": "2020-09-25T12:42:00.524Z"
    }
},
{
    "model": "accounts.navigationhistory",
    "pk": 491,
    "fields": {
        "user": [
            "user1"
        ],
        "path": "developer/api/getCommunities/",
        "date": "2020-09-25T12:42:00.675Z"
    }
},
{
    "model": "accounts.navigationhistory",
    "pk": 492,
    "fields": {
        "user": [
            "user1"
        ],
        "path": "index",
        "date": "2020-09-25T12:42:00.908Z"
    }
},
{
    "model": "accounts.navigationhistory",
    "pk": 493,
    "fields": {
        "user": [
            "user1"
        ],
        "path": "developer/api/getCommunities/",
        "date": "2020-09-25T12:42:01.037Z"
    }
},
{
    "model": "accounts.navigationhistory",
    "pk": 494,
    "fields": {
        "user": [
            "user2"
        ],
        "path": "index",
        "date": "2020-09-25T12:42:02.064Z"
    }
},
{
    "model": "accounts.navigationhistory",
    "pk": 495,
    "fields": {
        "user": [
            "user2"
        ],
        "path": "developer/api/getCommunities/",
        "date": "2020-09-25T12:42:02.239Z"
    }
},
{
    "model": "accounts.navigationhistory",
    "pk": 496,
    "fields": {
        "user": [
            "user2"
        ],
        "path": "c/testcommunity/q/ehden_final/",
        "date": "2020-09-25T12:42:02.642Z"
    }
},
{
    "model": "accounts.navigationhistory",
    "pk": 497,
    "fields": {
        "user": [
            "user2"
        ],
        "path": "developer/api/getCommunities/",
        "date": "2020-09-25T12:42:02.780Z"
    }
},
{
    "model": "accounts.navigationhistory",
    "pk": 498,
    "fields": {
        "user": [
            "user2"
        ],
        "path": "community/manage/testcommunity/groups",
        "date": "2020-09-25T12:42:03.265Z"
    }
},
{
    "model": "accounts.navigationhistory",
    "pk": 499,
    "fields": {
        "user": [
            "user2"
        ],
        "path": "developer/api/getCommunities/",
        "date": "2020-09-25T12:42:03.413Z"
    }
},
{
    "model": "accounts.navigationhistory",
    "pk": 500,
    "fields": {
        "user": [
            "user2"
        ],
        "path": "community/testcommunity/api/groups",
        "date": "2020-09-25T12:42:03.730Z"
    }
},
{
    "model": "accounts.navigationhistory",
    "pk": 501,
    "fields": {
        "user": [
            "user2"
        ],
        "path": "community/testcommunity/api/user/groups",
        "date": "2020-09-25T12:42:05.068Z"
    }
},
{
    "model": "accounts.navigationhistory",
    "pk": 502,
    "fields": {
        "user": [
            "user2"
        ],
        "path": "index",
        "date": "2020-09-25T12:42:06.429Z"
    }
},
{
    "model": "accounts.navigationhistory",
    "pk": 503,
    "fields": {
        "user": [
            "user2"
        ],
        "path": "developer/api/getCommunities/",
        "date": "2020-09-25T12:42:06.563Z"
    }
},
{
    "model": "accounts.navigationhistory",
    "pk": 504,
    "fields": {
        "user": [
            "user1"
        ],
        "path": "index",
        "date": "2020-09-25T12:42:07.505Z"
    }
},
{
    "model": "accounts.navigationhistory",
    "pk": 505,
    "fields": {
        "user": [
            "user1"
        ],
        "path": "developer/api/getCommunities/",
        "date": "2020-09-25T12:42:07.678Z"
    }
},
{
    "model": "accounts.navigationhistory",
    "pk": 506,
    "fields": {
        "user": [
            "user1"
        ],
        "path": "c/testcommunity/q/ehden_final/",
        "date": "2020-09-25T12:42:08.164Z"
    }
},
{
    "model": "accounts.navigationhistory",
    "pk": 507,
    "fields": {
        "user": [
            "user1"
        ],
        "path": "developer/api/getCommunities/",
        "date": "2020-09-25T12:42:08.319Z"
    }
},
{
    "model": "accounts.navigationhistory",
    "pk": 508,
    "fields": {
        "user": [
            "user1"
        ],
        "path": "index",
        "date": "2020-09-25T12:42:14.314Z"
    }
},
{
    "model": "accounts.navigationhistory",
    "pk": 509,
    "fields": {
        "user": [
            "user1"
        ],
        "path": "developer/api/getCommunities/",
        "date": "2020-09-25T12:42:14.573Z"
    }
},
{
    "model": "accounts.navigationhistory",
    "pk": 510,
    "fields": {
        "user": [
            "user1"
        ],
        "path": "c/testcommunity/q/ehden_final/",
        "date": "2020-09-25T12:42:15.063Z"
    }
},
{
    "model": "accounts.navigationhistory",
    "pk": 511,
    "fields": {
        "user": [
            "user1"
        ],
        "path": "developer/api/getCommunities/",
        "date": "2020-09-25T12:42:15.295Z"
    }
},
{
    "model": "accounts.navigationhistory",
    "pk": 512,
    "fields": {
        "user": [
            "user1"
        ],
        "path": "index",
        "date": "2020-09-25T12:42:15.640Z"
    }
},
{
    "model": "accounts.navigationhistory",
    "pk": 513,
    "fields": {
        "user": [
            "user1"
        ],
        "path": "developer/api/getCommunities/",
        "date": "2020-09-25T12:42:15.764Z"
    }
},
{
    "model": "accounts.navigationhistory",
    "pk": 514,
    "fields": {
        "user": [
            "user2"
        ],
        "path": "index",
        "date": "2020-09-25T12:42:16.737Z"
    }
},
{
    "model": "accounts.navigationhistory",
    "pk": 515,
    "fields": {
        "user": [
            "user2"
        ],
        "path": "developer/api/getCommunities/",
        "date": "2020-09-25T12:42:16.942Z"
    }
},
{
    "model": "accounts.navigationhistory",
    "pk": 516,
    "fields": {
        "user": [
            "user2"
        ],
        "path": "c/testcommunity/q/ehden_final/",
        "date": "2020-09-25T12:42:17.360Z"
    }
},
{
    "model": "accounts.navigationhistory",
    "pk": 517,
    "fields": {
        "user": [
            "user2"
        ],
        "path": "developer/api/getCommunities/",
        "date": "2020-09-25T12:42:17.500Z"
    }
},
{
    "model": "accounts.navigationhistory",
    "pk": 518,
    "fields": {
        "user": [
            "user2"
        ],
        "path": "community/manage/testcommunity/groups",
        "date": "2020-09-25T12:42:17.944Z"
    }
},
{
    "model": "accounts.navigationhistory",
    "pk": 519,
    "fields": {
        "user": [
            "user2"
        ],
        "path": "developer/api/getCommunities/",
        "date": "2020-09-25T12:42:18.110Z"
    }
},
{
    "model": "accounts.navigationhistory",
    "pk": 520,
    "fields": {
        "user": [
            "user2"
        ],
        "path": "community/testcommunity/api/user/groups",
        "date": "2020-09-25T12:42:18.405Z"
    }
},
{
    "model": "accounts.navigationhistory",
    "pk": 521,
    "fields": {
        "user": [
            "user2"
        ],
        "path": "index",
        "date": "2020-09-25T12:42:19.910Z"
    }
},
{
    "model": "accounts.navigationhistory",
    "pk": 522,
    "fields": {
        "user": [
            "user2"
        ],
        "path": "developer/api/getCommunities/",
        "date": "2020-09-25T12:42:20.037Z"
    }
},
{
    "model": "accounts.navigationhistory",
    "pk": 523,
    "fields": {
        "user": [
            "user1"
        ],
        "path": "index",
        "date": "2020-09-25T12:42:20.985Z"
    }
},
{
    "model": "accounts.navigationhistory",
    "pk": 524,
    "fields": {
        "user": [
            "user1"
        ],
        "path": "developer/api/getCommunities/",
        "date": "2020-09-25T12:42:21.163Z"
    }
},
{
    "model": "accounts.navigationhistory",
    "pk": 525,
    "fields": {
        "user": [
            "user1"
        ],
        "path": "c/testcommunity/q/ehden_final/",
        "date": "2020-09-25T12:42:21.578Z"
    }
},
{
    "model": "accounts.navigationhistory",
    "pk": 526,
    "fields": {
        "user": [
            "user1"
        ],
        "path": "developer/api/getCommunities/",
        "date": "2020-09-25T12:42:21.717Z"
    }
},
{
    "model": "accounts.navigationhistory",
    "pk": 527,
    "fields": {
        "user": [
            "user1"
        ],
        "path": "c/testcommunity/api-info/",
        "date": "2020-09-25T12:42:22.025Z"
    }
},
{
    "model": "accounts.navigationhistory",
    "pk": 528,
    "fields": {
        "user": [
            "user1"
        ],
        "path": "developer/api/getCommunities/",
        "date": "2020-09-25T12:42:22.143Z"
    }
},
{
    "model": "accounts.navigationhistory",
    "pk": 529,
    "fields": {
        "user": [
            "user1"
        ],
        "path": "index",
        "date": "2020-09-25T12:42:28.140Z"
    }
},
{
    "model": "accounts.navigationhistory",
    "pk": 530,
    "fields": {
        "user": [
            "user1"
        ],
        "path": "developer/api/getCommunities/",
        "date": "2020-09-25T12:42:28.453Z"
    }
},
{
    "model": "accounts.navigationhistory",
    "pk": 531,
    "fields": {
        "user": [
            "user1"
        ],
        "path": "c/testcommunity/q/ehden_final/",
        "date": "2020-09-25T12:42:28.911Z"
    }
},
{
    "model": "accounts.navigationhistory",
    "pk": 532,
    "fields": {
        "user": [
            "user1"
        ],
        "path": "developer/api/getCommunities/",
        "date": "2020-09-25T12:42:29.189Z"
    }
},
{
    "model": "accounts.navigationhistory",
    "pk": 533,
    "fields": {
        "user": [
            "user1"
        ],
        "path": "index",
        "date": "2020-09-25T12:42:29.490Z"
    }
},
{
    "model": "accounts.navigationhistory",
    "pk": 534,
    "fields": {
        "user": [
            "user1"
        ],
        "path": "developer/api/getCommunities/",
        "date": "2020-09-25T12:42:29.615Z"
    }
},
{
    "model": "accounts.navigationhistory",
    "pk": 535,
    "fields": {
        "user": [
            "user2"
        ],
        "path": "index",
        "date": "2020-09-25T12:42:30.739Z"
    }
},
{
    "model": "accounts.navigationhistory",
    "pk": 536,
    "fields": {
        "user": [
            "user2"
        ],
        "path": "developer/api/getCommunities/",
        "date": "2020-09-25T12:42:30.915Z"
    }
},
{
    "model": "accounts.navigationhistory",
    "pk": 537,
    "fields": {
        "user": [
            "user2"
        ],
        "path": "c/testcommunity/q/ehden_final/",
        "date": "2020-09-25T12:42:31.376Z"
    }
},
{
    "model": "accounts.navigationhistory",
    "pk": 538,
    "fields": {
        "user": [
            "user2"
        ],
        "path": "developer/api/getCommunities/",
        "date": "2020-09-25T12:42:31.518Z"
    }
},
{
    "model": "accounts.navigationhistory",
    "pk": 539,
    "fields": {
        "user": [
            "user2"
        ],
        "path": "community/manage/testcommunity/groups",
        "date": "2020-09-25T12:42:31.945Z"
    }
},
{
    "model": "accounts.navigationhistory",
    "pk": 540,
    "fields": {
        "user": [
            "user2"
        ],
        "path": "developer/api/getCommunities/",
        "date": "2020-09-25T12:42:32.112Z"
    }
},
{
    "model": "accounts.navigationhistory",
    "pk": 541,
    "fields": {
        "user": [
            "user2"
        ],
        "path": "community/testcommunity/api/user/groups",
        "date": "2020-09-25T12:42:32.401Z"
    }
},
{
    "model": "accounts.navigationhistory",
    "pk": 542,
    "fields": {
        "user": [
            "user2"
        ],
        "path": "index",
        "date": "2020-09-25T12:42:33.901Z"
    }
},
{
    "model": "accounts.navigationhistory",
    "pk": 543,
    "fields": {
        "user": [
            "user2"
        ],
        "path": "developer/api/getCommunities/",
        "date": "2020-09-25T12:42:34.026Z"
    }
},
{
    "model": "accounts.navigationhistory",
    "pk": 544,
    "fields": {
        "user": [
            "user1"
        ],
        "path": "index",
        "date": "2020-09-25T12:42:35.025Z"
    }
},
{
    "model": "accounts.navigationhistory",
    "pk": 545,
    "fields": {
        "user": [
            "user1"
        ],
        "path": "developer/api/getCommunities/",
        "date": "2020-09-25T12:42:35.201Z"
    }
},
{
    "model": "accounts.navigationhistory",
    "pk": 546,
    "fields": {
        "user": [
            "user1"
        ],
        "path": "c/testcommunity/q/ehden_final/",
        "date": "2020-09-25T12:42:35.570Z"
    }
},
{
    "model": "accounts.navigationhistory",
    "pk": 547,
    "fields": {
        "user": [
            "user1"
        ],
        "path": "developer/api/getCommunities/",
        "date": "2020-09-25T12:42:35.706Z"
    }
},
{
    "model": "accounts.navigationhistory",
    "pk": 548,
    "fields": {
        "user": [
            "user1"
        ],
        "path": "c/testcommunity/add/1/0/",
        "date": "2020-09-25T12:42:36.183Z"
    }
},
{
    "model": "accounts.navigationhistory",
    "pk": 549,
    "fields": {
        "user": [
            "user1"
        ],
        "path": "developer/api/getCommunities/",
        "date": "2020-09-25T12:42:36.315Z"
    }
},
{
    "model": "accounts.navigationhistory",
    "pk": 550,
    "fields": {
        "user": [
            "user1"
        ],
        "path": "c/testcommunity/addqs/6983a18b73b697ec69d41999df121001/1/0/",
        "date": "2020-09-25T12:42:36.415Z"
    }
},
{
    "model": "authtoken.token",
    "pk": "a6e9789002b969295e102f5fa83412e447759e97",
    "fields": {
        "user": [
            "user1"
        ],
        "created": "2020-09-25T12:42:21.900Z"
    }
},
{
    "model": "emif.querylog",
    "pk": 1,
    "fields": {
        "user": [
            "user1"
        ],
        "query": "test",
        "created_date": "2020-09-25T12:41:17.954Z",
        "latest_date": "2020-09-25T12:41:17.954Z",
        "removed": false
    }
},
{
    "model": "emif.querylog",
    "pk": 2,
    "fields": {
        "user": [
            "user1"
        ],
        "query": "fingerprint",
        "created_date": "2020-09-25T12:41:18.928Z",
        "latest_date": "2020-09-25T12:41:18.928Z",
        "removed": false
    }
},
{
    "model": "emif.querylog",
    "pk": 3,
    "fields": {
        "user": [
            "user1"
        ],
        "query": "Aveiro",
        "created_date": "2020-09-25T12:41:19.854Z",
        "latest_date": "2020-09-25T12:41:19.854Z",
        "removed": false
    }
},
{
    "model": "emif.querylog",
    "pk": 4,
    "fields": {
        "user": [
            "user1"
        ],
        "query": "institution",
        "created_date": "2020-09-25T12:41:20.797Z",
        "latest_date": "2020-09-25T12:41:20.797Z",
        "removed": false
    }
},
{
    "model": "emif.querylog",
    "pk": 5,
    "fields": {
        "user": [
            "user1"
        ],
        "query": "2.01",
        "created_date": "2020-09-25T12:41:21.716Z",
        "latest_date": "2020-09-25T12:41:21.716Z",
        "removed": false
    }
},
{
    "model": "emif.querylog",
    "pk": 6,
    "fields": {
        "user": [
            "user1"
        ],
        "query": "4.01",
        "created_date": "2020-09-25T12:41:22.541Z",
        "latest_date": "2020-09-25T12:41:22.541Z",
        "removed": false
    }
},
{
    "model": "emif.querylog",
    "pk": 7,
    "fields": {
        "user": [
            "user1"
        ],
        "query": "dummy",
        "created_date": "2020-09-25T12:41:23.450Z",
        "latest_date": "2020-09-25T12:41:23.450Z",
        "removed": false
    }
},
{
    "model": "emif.querylog",
    "pk": 8,
    "fields": {
        "user": [
            "user1"
        ],
        "query": "doe",
        "created_date": "2020-09-25T12:41:24.218Z",
        "latest_date": "2020-09-25T12:41:24.219Z",
        "removed": false
    }
},
{
    "model": "emif.querylog",
    "pk": 9,
    "fields": {
        "user": [
            "user1"
        ],
        "query": "test",
        "created_date": "2020-09-25T12:41:30.441Z",
        "latest_date": "2020-09-25T12:41:30.441Z",
        "removed": false
    }
},
{
    "model": "emif.querylog",
    "pk": 10,
    "fields": {
        "user": [
            "user1"
        ],
        "query": "fingerprint",
        "created_date": "2020-09-25T12:41:31.215Z",
        "latest_date": "2020-09-25T12:41:31.215Z",
        "removed": false
    }
},
{
    "model": "emif.querylog",
    "pk": 11,
    "fields": {
        "user": [
            "user1"
        ],
        "query": "Aveiro",
        "created_date": "2020-09-25T12:41:32.032Z",
        "latest_date": "2020-09-25T12:41:32.032Z",
        "removed": false
    }
},
{
    "model": "emif.querylog",
    "pk": 12,
    "fields": {
        "user": [
            "user1"
        ],
        "query": "institution",
        "created_date": "2020-09-25T12:41:32.859Z",
        "latest_date": "2020-09-25T12:41:32.859Z",
        "removed": false
    }
},
{
    "model": "emif.querylog",
    "pk": 13,
    "fields": {
        "user": [
            "user1"
        ],
        "query": "2.01",
        "created_date": "2020-09-25T12:41:33.680Z",
        "latest_date": "2020-09-25T12:41:33.680Z",
        "removed": false
    }
},
{
    "model": "emif.querylog",
    "pk": 14,
    "fields": {
        "user": [
            "user1"
        ],
        "query": "4.01",
        "created_date": "2020-09-25T12:41:34.410Z",
        "latest_date": "2020-09-25T12:41:34.410Z",
        "removed": false
    }
},
{
    "model": "emif.sharepending",
    "pk": 1,
    "fields": {
        "user": [
            "user1"
        ],
        "user_invite": [
            "user2"
        ],
        "db_id": "74bfc2468c4ccdafadec5d69c071533d",
        "activation_code": "dae4fb26c2802fac23587494304fa016",
        "pending": false
    }
},
{
    "model": "emif.sharepending",
    "pk": 2,
    "fields": {
        "user": [
            "user1"
        ],
        "user_invite": [
            "user2"
        ],
        "db_id": "74bfc2468c4ccdafadec5d69c071533d",
        "activation_code": "a16a5d5dd1467a812b126f9dc0fe4c63",
        "pending": false
    }
},
{
    "model": "emif.advancedquery",
    "pk": 1,
    "fields": {
        "user": [
            "user2"
        ],
        "name": "Query on 2020-09-25 12:41:07.037592",
        "title": null,
        "serialized_query_hash": "66541567ac09377bd30b6e73012357a4e4ae78e6",
        "serialized_query": "BEGIN_BG_10002BEGIN_VAR_10002BEGIN_BG_10000BEGIN_VAR_10000T;;;;;question_nr_1.01;;;;;1.01.%20Acronym;;;;;test_fingerprint_1;;;;;clearSimple(%22question_1.01%22);OTHER_10000END_VAR_10000BEGIN_REL_10000END_REL_10000END_BG_10000OTHER_10002BEGIN_BG_10003BEGIN_VAR_10003T;;;;;question_nr_1.02;;;;;1.02.%20Name;;;;;fingerprint_test_name;;;;;clearSimple(%22question_1.02%22);OTHER_10003END_VAR_10003BEGIN_REL_10003END_REL_10003END_BG_10003OTHER_10002BEGIN_BG_10005BEGIN_VAR_10005T;;;;;question_nr_1.03;;;;;1.03.%20Institution%20name;;;;;fingerprint_test_institution;;;;;clearSimple(%22question_1.03%22);OTHER_10005END_VAR_10005BEGIN_REL_10005END_REL_10005END_BG_10005OTHER_10002BEGIN_BG_10007BEGIN_VAR_10007T;;;;;question_nr_1.04;;;;;1.04.%20Department%20name;;;;;test%20question_1.04;;;;;clearSimple(%22question_1.04%22);OTHER_10007END_VAR_10007BEGIN_REL_10007END_REL_10007END_BG_10007OTHER_10002BEGIN_BG_10009BEGIN_VAR_10009T;;;;;question_nr_1.05;;;;;1.05.%20URL%20of%20the%20database%20website%20(if%20available);;;;;http://test105.com;;;;;clearSimple(%22question_1.05%22);OTHER_10009END_VAR_10009BEGIN_REL_10009END_REL_10009END_BG_10009OTHER_10002BEGIN_BG_10011BEGIN_VAR_10011T;;;;;question_nr_1.06;;;;;1.06.%20Unit/centre%20website(if%20available);;;;;http://test106.com;;;;;clearSimple(%22question_1.06%22);OTHER_10011END_VAR_10011BEGIN_REL_10011END_REL_10011END_BG_10011OTHER_10002BEGIN_BG_10013BEGIN_VAR_10013T;;;;;question_nr_1.07.01;;;;;1.07.01.%20PI:%20Name;;;;;test%20question_1.07.01;;;;;clearSimple(%22question_1.07.01%22);OTHER_10013END_VAR_10013BEGIN_REL_10013END_REL_10013END_BG_10013OTHER_10002BEGIN_BG_10015BEGIN_VAR_10015T;;;;;question_nr_1.07.02;;;;;1.07.02.%20PI:%20Address;;;;;test%20question_1.07.02;;;;;clearSimple(%22question_1.07.02%22);OTHER_10015END_VAR_10015BEGIN_REL_10015END_REL_10015END_BG_10015OTHER_10002BEGIN_BG_10017BEGIN_VAR_10017T;;;;;question_nr_1.07.03;;;;;1.07.03.%20PI:%20Email;;;;;test10703@ua.random;;;;;clearSimple(%22question_1.07.03%22);OTHER_10017END_VAR_10017BEGIN_REL_10017END_REL_10017END_BG_10017OTHER_10002BEGIN_BG_10019BEGIN_VAR_10019T;;;;;question_nr_1.07.04;;;;;1.07.04.%20PI:%20Phone;;;;;test%20question_1.07.04;;;;;clearSimple(%22question_1.07.04%22);OTHER_10019END_VAR_10019BEGIN_REL_10019END_REL_10019END_BG_10019OTHER_10002BEGIN_BG_10021BEGIN_VAR_10021T;;;;;question_nr_1.08.01;;;;;1.08.01.%20SC:%20Name;;;;;test%20question_1.08.01;;;;;clearSimple(%22question_1.08.01%22);OTHER_10021END_VAR_10021BEGIN_REL_10021END_REL_10021END_BG_10021OTHER_10002BEGIN_BG_10023BEGIN_VAR_10023T;;;;;question_nr_1.08.02;;;;;1.08.02.%20SC:%20Address;;;;;test%20question_1.08.02;;;;;clearSimple(%22question_1.08.02%22);OTHER_10023END_VAR_10023BEGIN_REL_10023END_REL_10023END_BG_10023OTHER_10002BEGIN_BG_10025BEGIN_VAR_10025T;;;;;question_nr_1.08.03;;;;;1.08.03.%20SC:%20Email;;;;;test10803@ua.random;;;;;clearSimple(%22question_1.08.03%22);OTHER_10025END_VAR_10025BEGIN_REL_10025END_REL_10025END_BG_10025OTHER_10002BEGIN_BG_10027BEGIN_VAR_10027T;;;;;question_nr_1.08.04;;;;;1.08.04.%20SC:%20Phone;;;;;test%20question_1.08.04;;;;;clearSimple(%22question_1.08.04%22);OTHER_10027END_VAR_10027BEGIN_REL_10027END_REL_10027END_BG_10027OTHER_10002BEGIN_BG_10029BEGIN_VAR_10029T;;;;;question_nr_1.09.01;;;;;1.09.01.%20AC%20:%20Name;;;;;test%20question_1.09.01;;;;;clearSimple(%22question_1.09.01%22);OTHER_10029END_VAR_10029BEGIN_REL_10029END_REL_10029END_BG_10029OTHER_10002BEGIN_BG_10031BEGIN_VAR_10031T;;;;;question_nr_1.09.02;;;;;1.09.02.%20AC:%20Address;;;;;test%20question_1.09.02;;;;;clearSimple(%22question_1.09.02%22);OTHER_10031END_VAR_10031BEGIN_REL_10031END_REL_10031END_BG_10031OTHER_10002BEGIN_BG_10033BEGIN_VAR_10033T;;;;;question_nr_1.09.03;;;;;1.09.03.%20AC:%20Email;;;;;test10903@ua.random;;;;;clearSimple(%22question_1.09.03%22);OTHER_10033END_VAR_10033BEGIN_REL_10033END_REL_10033END_BG_10033OTHER_10002BEGIN_BG_10035BEGIN_VAR_10035T;;;;;question_nr_1.09.04;;;;;1.09.04.%20AC:%20Phone;;;;;test%20question_1.09.04;;;;;clearSimple(%22question_1.09.04%22);OTHER_10035END_VAR_10035BEGIN_REL_10035END_REL_10035END_BG_10035OTHER_10002BEGIN_BG_10037BEGIN_VAR_10037T;;;;;question_nr_1.10.01;;;;;1.10.01.%20TC:%20Name;;;;;test%20question_1.10.01;;;;;clearSimple(%22question_1.10.01%22);OTHER_10037END_VAR_10037BEGIN_REL_10037END_REL_10037END_BG_10037OTHER_10002BEGIN_BG_10039BEGIN_VAR_10039T;;;;;question_nr_1.10.02;;;;;1.10.02.%20TC:%20Address;;;;;test%20question_1.10.02;;;;;clearSimple(%22question_1.10.02%22);OTHER_10039END_VAR_10039BEGIN_REL_10039END_REL_10039END_BG_10039OTHER_10002BEGIN_BG_10041BEGIN_VAR_10041T;;;;;question_nr_1.10.03;;;;;1.10.03.%20TC:%20Email;;;;;test11003@ua.random;;;;;clearSimple(%22question_1.10.03%22);OTHER_10041END_VAR_10041BEGIN_REL_10041END_REL_10041END_BG_10041OTHER_10002BEGIN_BG_10043BEGIN_VAR_10043T;;;;;question_nr_1.10.04;;;;;1.10.04.%20TC:%20Phone;;;;;test%20question_1.07.04;;;;;clearSimple(%22question_1.10.04%22);OTHER_10043END_VAR_10043BEGIN_REL_10043END_REL_10043END_BG_10043OTHER_10002END_VAR_10002BEGIN_REL_10002AND,AND,AND,AND,AND,AND,AND,AND,AND,AND,AND,AND,AND,AND,AND,AND,AND,AND,AND,AND,AND,END_REL_10002END_BG_10002",
        "date": "2020-09-25T12:41:07.037Z",
        "qid": 1,
        "removed": false
    }
},
{
    "model": "emif.advancedquery",
    "pk": 2,
    "fields": {
        "user": [
            "user2"
        ],
        "name": "Query on 2020-09-25 12:41:10.947068",
        "title": null,
        "serialized_query_hash": "ea20b270d381b23a0e6d596ff382adb948ec6e20",
        "serialized_query": "BEGIN_BG_10002BEGIN_VAR_10002BEGIN_BG_10000BEGIN_VAR_10000T;;;;;question_nr_2.01;;;;;2.01.%20Summary;;;;;test%20question_2.01;;;;;clearSimple(%22question_2.01%22);OTHER_10000END_VAR_10000BEGIN_REL_10000END_REL_10000END_BG_10000OTHER_10002BEGIN_BG_10003BEGIN_VAR_10003BEGIN_BG_10007BEGIN_VAR_10007T;;;;;question_nr_2.02_____2.02_the%20source%20of%20data%20is%20care%20provided%20by%20specialist%20in%20an%20outpatient%20setting_____;;;;;2.02.%20the%20source%20of%20data%20is%20care%20provided%20by%20specialist%20in%20an%20outpatient%20setting%20(What%20is%20the%20database%20type?%0A%0A%20%20%20%20%20%20%20%20%20%20%20%20%20%20%20%20%20%20%20%20%0A%20%20%20%20%20%20%20%20%20%20%20%20%20%20%20%20%20%20%20%20%20%20%20%20%0A%20%20%20%20%20%20%20%20%20%20%20%20%20%20%20%20%20%20%20%20%20%20%20%20%20%20%20%20Please%20indicate%20which%20of%20the%20statements%20would%20apply%20to%20your%20data%20base.%20More%20than%20one%20statement%20may%20apply%20and%20can%20be%20selected.%20If%20your%20data%20base%20is%20a%20disease%20(e.g.,%20a%20diabetes%20cohort)%20or%20event%20(e.g.,%20birth)%20registry,%20also%20please%20identify%20the%20disease%20or%20event.If%20your%20data%20base%20is%20a%20study-specific%20registry%20(e.g.,%20a%20cohort%20of%20subjects%20using%20a%20specific%20medication),%20please%20describe%20the%20inclusion%20criteria.If%20you%20feel%20an%20important%20characteristic%20is%20missing,%20please%20select%20%E2%80%9Cother%E2%80%9D%20and%20specify%20that%20characteristic.);;;;;the%20source%20of%20data%20is%20care%20provided%20by%20specialist%20in%20an%20outpatient%20setting;;;;;clearcheck(%22question_2.02_multiple_2%22);OTHER_10007END_VAR_10007BEGIN_REL_10007END_REL_10007END_BG_10007OTHER_10003BEGIN_BG_10005BEGIN_VAR_10005T;;;;;question_nr_2.02_____2.02_the%20source%20of%20data%20is%20administrative/%20billing%20data_____;;;;;2.02.%20the%20source%20of%20data%20is%20administrative/%20billing%20data%20(What%20is%20the%20database%20type?%0A%0A%20%20%20%20%20%20%20%20%20%20%20%20%20%20%20%20%20%20%20%20%0A%20%20%20%20%20%20%20%20%20%20%20%20%20%20%20%20%20%20%20%20%20%20%20%20%0A%20%20%20%20%20%20%20%20%20%20%20%20%20%20%20%20%20%20%20%20%20%20%20%20%20%20%20%20Please%20indicate%20which%20of%20the%20statements%20would%20apply%20to%20your%20data%20base.%20More%20than%20one%20statement%20may%20apply%20and%20can%20be%20selected.%20If%20your%20data%20base%20is%20a%20disease%20(e.g.,%20a%20diabetes%20cohort)%20or%20event%20(e.g.,%20birth)%20registry,%20also%20please%20identify%20the%20disease%20or%20event.If%20your%20data%20base%20is%20a%20study-specific%20registry%20(e.g.,%20a%20cohort%20of%20subjects%20using%20a%20specific%20medication),%20please%20describe%20the%20inclusion%20criteria.If%20you%20feel%20an%20important%20characteristic%20is%20missing,%20please%20select%20%E2%80%9Cother%E2%80%9D%20and%20specify%20that%20characteristic.);;;;;the%20source%20of%20data%20is%20administrative/%20billing%20data;;;;;clearcheck(%22question_2.02_multiple_6%22);OTHER_10005END_VAR_10005BEGIN_REL_10005END_REL_10005END_BG_10005OTHER_10003END_VAR_10003BEGIN_REL_10003OR,END_REL_10003END_BG_10003OTHER_10002BEGIN_BG_10008BEGIN_VAR_10008T;;;;;question_nr_2.03;;;;;2.03.%20Is%20patient-based%20linkage%20possible%20with%20other%20sources%20of%20information?;;;;;yes;;;;;clear_selection(%22question_nr_2.03%22,%20%22%22);OTHER_10008END_VAR_10008BEGIN_REL_10008END_REL_10008END_BG_10008OTHER_10002BEGIN_BG_10010BEGIN_VAR_10010T;;;;;question_nr_2.04;;;;;2.04.%20Data%20continuity;;;;;cross-sectional;;;;;clear_selection(%22question_nr_2.04%22,%20%22%20%22);OTHER_10010END_VAR_10010BEGIN_REL_10010END_REL_10010END_BG_10010OTHER_10002BEGIN_BG_10012BEGIN_VAR_10012BEGIN_BG_10016BEGIN_VAR_10016T;;;;;question_nr_2.05_____2.05_Insurance/administrative%20claims_____;;;;;2.05.%20Insurance/administrative%20claims%20(What%20data%20capture%20process(es)%20are%20used?%20%0A%0A%20%20%20%20%20%20%20%20%20%20%20%20%20%20%20%20%20%20%20%20%0A%20%20%20%20%20%20%20%20%20%20%20%20%20%20%20%20%20%20%20%20%20%20%20%20%0A%20%20%20%20%20%20%20%20%20%20%20%20%20%20%20%20%20%20%20%20%20%20%20%20%20%20%20%20Please%20indicate%20which%20of%20the%20types%20apply.%20More%20than%20one%20statement%20may%20apply%20and%20can%20be%20selected.%20You%20can%20also%20specify%20your%20own%20type%20by%20selecting%20%22other%22.);;;;;Insurance/administrative%20claims;;;;;clearcheck(%22question_2.05_multiple_1%22);OTHER_10016END_VAR_10016BEGIN_REL_10016END_REL_10016END_BG_10016OTHER_10012BEGIN_BG_10014BEGIN_VAR_10014T;;;;;question_nr_2.05_____2.05_Inpatient%20hospital%20billing%20systems_____;;;;;2.05.%20Inpatient%20hospital%20billing%20systems%20(What%20data%20capture%20process(es)%20are%20used?%20%0A%0A%20%20%20%20%20%20%20%20%20%20%20%20%20%20%20%20%20%20%20%20%0A%20%20%20%20%20%20%20%20%20%20%20%20%20%20%20%20%20%20%20%20%20%20%20%20%0A%20%20%20%20%20%20%20%20%20%20%20%20%20%20%20%20%20%20%20%20%20%20%20%20%20%20%20%20Please%20indicate%20which%20of%20the%20types%20apply.%20More%20than%20one%20statement%20may%20apply%20and%20can%20be%20selected.%20You%20can%20also%20specify%20your%20own%20type%20by%20selecting%20%22other%22.);;;;;Inpatient%20hospital%20billing%20systems;;;;;clearcheck(%22question_2.05_multiple_4%22);OTHER_10014END_VAR_10014BEGIN_REL_10014END_REL_10014END_BG_10014OTHER_10012END_VAR_10012BEGIN_REL_10012OR,END_REL_10012END_BG_10012OTHER_10002END_VAR_10002BEGIN_REL_10002AND,AND,AND,AND,END_REL_10002END_BG_10002",
        "date": "2020-09-25T12:41:10.947Z",
        "qid": 1,
        "removed": false
    }
},
{
    "model": "emif.advancedqueryanswer",
    "pk": 1,
    "fields": {
        "refquery": 1,
        "question": "question_1.10.01",
        "answer": "test question_1.10.01"
    }
},
{
    "model": "emif.advancedqueryanswer",
    "pk": 2,
    "fields": {
        "refquery": 1,
        "question": "question_1.10.03",
        "answer": "test11003@ua.random"
    }
},
{
    "model": "emif.advancedqueryanswer",
    "pk": 3,
    "fields": {
        "refquery": 1,
        "question": "question_1.10.02",
        "answer": "test question_1.10.02"
    }
},
{
    "model": "emif.advancedqueryanswer",
    "pk": 4,
    "fields": {
        "refquery": 1,
        "question": "question_1.09.04",
        "answer": "test question_1.09.04"
    }
},
{
    "model": "emif.advancedqueryanswer",
    "pk": 5,
    "fields": {
        "refquery": 1,
        "question": "question_1.07.01",
        "answer": "test question_1.07.01"
    }
},
{
    "model": "emif.advancedqueryanswer",
    "pk": 6,
    "fields": {
        "refquery": 1,
        "question": "question_1.07.03",
        "answer": "test10703@ua.random"
    }
},
{
    "model": "emif.advancedqueryanswer",
    "pk": 7,
    "fields": {
        "refquery": 1,
        "question": "question_1.07.02",
        "answer": "test question_1.07.02"
    }
},
{
    "model": "emif.advancedqueryanswer",
    "pk": 8,
    "fields": {
        "refquery": 1,
        "question": "question_1.09.03",
        "answer": "test10903@ua.random"
    }
},
{
    "model": "emif.advancedqueryanswer",
    "pk": 9,
    "fields": {
        "refquery": 1,
        "question": "question_1.09.02",
        "answer": "test question_1.09.02"
    }
},
{
    "model": "emif.advancedqueryanswer",
    "pk": 10,
    "fields": {
        "refquery": 1,
        "question": "question_1.09.01",
        "answer": "test question_1.09.01"
    }
},
{
    "model": "emif.advancedqueryanswer",
    "pk": 11,
    "fields": {
        "refquery": 1,
        "question": "question_1.10.04",
        "answer": "test question_1.07.04"
    }
},
{
    "model": "emif.advancedqueryanswer",
    "pk": 12,
    "fields": {
        "refquery": 1,
        "question": "question_1.07.04",
        "answer": "test question_1.07.04"
    }
},
{
    "model": "emif.advancedqueryanswer",
    "pk": 13,
    "fields": {
        "refquery": 1,
        "question": "question_1.03",
        "answer": "fingerprint_test_institution"
    }
},
{
    "model": "emif.advancedqueryanswer",
    "pk": 14,
    "fields": {
        "refquery": 1,
        "question": "question_1.02",
        "answer": "fingerprint_test_name"
    }
},
{
    "model": "emif.advancedqueryanswer",
    "pk": 15,
    "fields": {
        "refquery": 1,
        "question": "question_1.01",
        "answer": "test_fingerprint_1"
    }
},
{
    "model": "emif.advancedqueryanswer",
    "pk": 16,
    "fields": {
        "refquery": 1,
        "question": "question_1.06",
        "answer": "http://test106.com"
    }
},
{
    "model": "emif.advancedqueryanswer",
    "pk": 17,
    "fields": {
        "refquery": 1,
        "question": "question_1.05",
        "answer": "http://test105.com"
    }
},
{
    "model": "emif.advancedqueryanswer",
    "pk": 18,
    "fields": {
        "refquery": 1,
        "question": "question_1.04",
        "answer": "test question_1.04"
    }
},
{
    "model": "emif.advancedqueryanswer",
    "pk": 19,
    "fields": {
        "refquery": 1,
        "question": "question_1.08.04",
        "answer": "test question_1.08.04"
    }
},
{
    "model": "emif.advancedqueryanswer",
    "pk": 20,
    "fields": {
        "refquery": 1,
        "question": "question_1.08.01",
        "answer": "test question_1.08.01"
    }
},
{
    "model": "emif.advancedqueryanswer",
    "pk": 21,
    "fields": {
        "refquery": 1,
        "question": "question_1.08.02",
        "answer": "test question_1.08.02"
    }
},
{
    "model": "emif.advancedqueryanswer",
    "pk": 22,
    "fields": {
        "refquery": 1,
        "question": "question_1.08.03",
        "answer": "test10803@ua.random"
    }
},
{
    "model": "emif.advancedqueryanswer",
    "pk": 23,
    "fields": {
        "refquery": 1,
        "question": "boolrelwidget-boolean-representation",
        "answer": "(question_nr_1.01: \"test_fingerprint_1\" AND question_nr_1.02: \"fingerprint_test_name\" AND question_nr_1.03: \"fingerprint_test_institution\" AND question_nr_1.04: \"test question_1.04\" AND question_nr_1.05: \"http://test105.com\" AND question_nr_1.06: \"http://test106.com\" AND question_nr_1.07.01: \"test question_1.07.01\" AND question_nr_1.07.02: \"test question_1.07.02\" AND question_nr_1.07.03: \"test10703@ua.random\" AND question_nr_1.07.04: \"test question_1.07.04\" AND question_nr_1.08.01: \"test question_1.08.01\" AND question_nr_1.08.02: \"test question_1.08.02\" AND question_nr_1.08.03: \"test10803@ua.random\" AND question_nr_1.08.04: \"test question_1.08.04\" AND question_nr_1.09.01: \"test question_1.09.01\" AND question_nr_1.09.02: \"test question_1.09.02\" AND question_nr_1.09.03: \"test10903@ua.random\" AND question_nr_1.09.04: \"test question_1.09.04\" AND question_nr_1.10.01: \"test question_1.10.01\" AND question_nr_1.10.02: \"test question_1.10.02\" AND question_nr_1.10.03: \"test11003@ua.random\" AND question_nr_1.10.04: \"test question_1.07.04\")"
    }
},
{
    "model": "emif.advancedqueryanswer",
    "pk": 24,
    "fields": {
        "refquery": 2,
        "question": "question_2.01",
        "answer": "test question_2.01"
    }
},
{
    "model": "emif.advancedqueryanswer",
    "pk": 25,
    "fields": {
        "refquery": 2,
        "question": "question_2.04",
        "answer": "cross-sectional"
    }
},
{
    "model": "emif.advancedqueryanswer",
    "pk": 26,
    "fields": {
        "refquery": 2,
        "question": "question_2.02_more1",
        "answer": "test question_2.02_more1"
    }
},
{
    "model": "emif.advancedqueryanswer",
    "pk": 27,
    "fields": {
        "refquery": 2,
        "question": "question_2.02_multiple_2",
        "answer": "the source of data is care provided by specialist in an outpatient setting"
    }
},
{
    "model": "emif.advancedqueryanswer",
    "pk": 28,
    "fields": {
        "refquery": 2,
        "question": "question_2.02_multiple_6",
        "answer": "the source of data is administrative/ billing data"
    }
},
{
    "model": "emif.advancedqueryanswer",
    "pk": 29,
    "fields": {
        "refquery": 2,
        "question": "question_2.05_multiple_1",
        "answer": "Insurance/administrative claims"
    }
},
{
    "model": "emif.advancedqueryanswer",
    "pk": 30,
    "fields": {
        "refquery": 2,
        "question": "question_2.05_multiple_4",
        "answer": "Inpatient hospital billing systems"
    }
},
{
    "model": "emif.advancedqueryanswer",
    "pk": 31,
    "fields": {
        "refquery": 2,
        "question": "question_2.03",
        "answer": "yes"
    }
},
{
    "model": "emif.advancedqueryanswer",
    "pk": 32,
    "fields": {
        "refquery": 2,
        "question": "question_2.05_more1",
        "answer": "test question_2.05_more1"
    }
},
{
    "model": "emif.advancedqueryanswer",
    "pk": 33,
    "fields": {
        "refquery": 2,
        "question": "boolrelwidget-boolean-representation",
        "answer": "(question_nr_2.01: \"test question_2.01\" AND (question_nr_2.02_____2.02_the source of data is care provided by specialist in an outpatient setting_____: \"the source of data is care provided by specialist in an outpatient setting\" OR question_nr_2.02_____2.02_the source of data is administrative/ billing data_____: \"the source of data is administrative/ billing data\") AND question_nr_2.03: \"yes\" AND question_nr_2.04: \"cross-sectional\" AND (question_nr_2.05_____2.05_Insurance/administrative claims_____: \"Insurance/administrative claims\" OR question_nr_2.05_____2.05_Inpatient hospital billing systems_____: \"Inpatient hospital billing systems\"))"
    }
},
{
    "model": "searchengine.slugs",
    "pk": 1,
    "fields": {
        "slug1": "database_name",
        "description": "h1. Acronym"
    }
},
{
    "model": "searchengine.slugs",
    "pk": 2,
    "fields": {
        "slug1": "cohort_acronym",
        "description": "h1. Name"
    }
},
{
    "model": "searchengine.slugs",
    "pk": 3,
    "fields": {
        "slug1": "institution_name",
        "description": "h1. Institution name"
    }
},
{
    "model": "searchengine.slugs",
    "pk": 4,
    "fields": {
        "slug1": "department_name",
        "description": "h1. Department name"
    }
},
{
    "model": "searchengine.slugs",
    "pk": 5,
    "fields": {
        "slug1": "website_study ",
        "description": "h1. URL of the database website (if available)"
    }
},
{
    "model": "searchengine.slugs",
    "pk": 6,
    "fields": {
        "slug1": "website_centre ",
        "description": "h1. Unit/centre website(if available)"
    }
},
{
    "model": "searchengine.slugs",
    "pk": 7,
    "fields": {
        "slug1": "PI_cat",
        "description": "h1. Principal Investigator (PI)"
    }
},
{
    "model": "searchengine.slugs",
    "pk": 8,
    "fields": {
        "slug1": "name_PI",
        "description": "h2. PI: Name"
    }
},
{
    "model": "searchengine.slugs",
    "pk": 9,
    "fields": {
        "slug1": "PI__Address",
        "description": "h2. PI: Address"
    }
},
{
    "model": "searchengine.slugs",
    "pk": 10,
    "fields": {
        "slug1": "email_PI",
        "description": "h2. PI: Email"
    }
},
{
    "model": "searchengine.slugs",
    "pk": 11,
    "fields": {
        "slug1": "PI__phone",
        "description": "h2. PI: Phone"
    }
},
{
    "model": "searchengine.slugs",
    "pk": 12,
    "fields": {
        "slug1": "SC_cat",
        "description": "h1. Scientific Contact (SC)"
    }
},
{
    "model": "searchengine.slugs",
    "pk": 13,
    "fields": {
        "slug1": "Scientific_Contact__SC___Name",
        "description": "h2. SC: Name"
    }
},
{
    "model": "searchengine.slugs",
    "pk": 14,
    "fields": {
        "slug1": "SC__Address",
        "description": "h2. SC: Address"
    }
},
{
    "model": "searchengine.slugs",
    "pk": 15,
    "fields": {
        "slug1": "SC__email",
        "description": "h2. SC: Email"
    }
},
{
    "model": "searchengine.slugs",
    "pk": 16,
    "fields": {
        "slug1": "SC__phone",
        "description": "h2. SC: Phone"
    }
},
{
    "model": "searchengine.slugs",
    "pk": 17,
    "fields": {
        "slug1": "AC_cat",
        "description": "h1. Administrative Contact (AC)"
    }
},
{
    "model": "searchengine.slugs",
    "pk": 18,
    "fields": {
        "slug1": "Administrative_Contact__AC___Name",
        "description": "h2. AC : Name"
    }
},
{
    "model": "searchengine.slugs",
    "pk": 19,
    "fields": {
        "slug1": "AC__Address",
        "description": "h2. AC: Address"
    }
},
{
    "model": "searchengine.slugs",
    "pk": 20,
    "fields": {
        "slug1": "AC__email",
        "description": "h2. AC: Email"
    }
},
{
    "model": "searchengine.slugs",
    "pk": 21,
    "fields": {
        "slug1": "AC__phone",
        "description": "h2. AC: Phone"
    }
},
{
    "model": "searchengine.slugs",
    "pk": 22,
    "fields": {
        "slug1": "TC_cat",
        "description": "h1. Technical Contact/Data manager (TC)"
    }
},
{
    "model": "searchengine.slugs",
    "pk": 23,
    "fields": {
        "slug1": "Technical_Contact_Data_manager__TC___Name",
        "description": "h2. TC: Name"
    }
},
{
    "model": "searchengine.slugs",
    "pk": 24,
    "fields": {
        "slug1": "TC__Address",
        "description": "h2. TC: Address"
    }
},
{
    "model": "searchengine.slugs",
    "pk": 25,
    "fields": {
        "slug1": "TC__email",
        "description": "h2. TC: Email"
    }
},
{
    "model": "searchengine.slugs",
    "pk": 26,
    "fields": {
        "slug1": "TC__phone",
        "description": "h2. TC: Phone"
    }
},
{
    "model": "searchengine.slugs",
    "pk": 27,
    "fields": {
        "slug1": "database_description",
        "description": "h1. Summary"
    }
},
{
    "model": "searchengine.slugs",
    "pk": 28,
    "fields": {
        "slug1": "How_would_you_characterize_your_database",
        "description": "h1. What is the database type?"
    }
},
{
    "model": "searchengine.slugs",
    "pk": 29,
    "fields": {
        "slug1": "patient_linkage",
        "description": "h1. Is patient-based linkage possible with other sources of information?"
    }
},
{
    "model": "searchengine.slugs",
    "pk": 30,
    "fields": {
        "slug1": "data_continuity",
        "description": "h1. Data continuity"
    }
},
{
    "model": "searchengine.slugs",
    "pk": 31,
    "fields": {
        "slug1": "what-data-capture-processes-are-used",
        "description": "h1. What data capture process(es) are used? "
    }
},
{
    "model": "searchengine.slugs",
    "pk": 32,
    "fields": {
        "slug1": "location",
        "description": "h1. From which country is the data originating?"
    }
},
{
    "model": "searchengine.slugs",
    "pk": 33,
    "fields": {
        "slug1": "location_coverage",
        "description": "h1. What is the geographic coverage?"
    }
},
{
    "model": "searchengine.slugs",
    "pk": 34,
    "fields": {
        "slug1": "is-the-database-containing-patients-with-a-specifi",
        "description": "h1. Is the database containing patients with a specific socioeconomic status? If so, specify the population."
    }
},
{
    "model": "searchengine.slugs",
    "pk": 35,
    "fields": {
        "slug1": "is-the-database-containing-patients-from-a-specifi",
        "description": "h1. Is the database containing patients from a specific insurance system?"
    }
},
{
    "model": "searchengine.slugs",
    "pk": 36,
    "fields": {
        "slug1": "what-care-settings-are-covered",
        "description": "h1. What care setting(s) are covered?"
    }
},
{
    "model": "searchengine.slugs",
    "pk": 37,
    "fields": {
        "slug1": "What_are_the_possible_causes_for_a_person_to_enter",
        "description": "h1. What are the possible causes for a person to enter/exit your database?"
    }
},
{
    "model": "searchengine.slugs",
    "pk": 38,
    "fields": {
        "slug1": "what-is-the-frequency-of-source-data-updates",
        "description": "h1. What is the frequency of source data updates?"
    }
},
{
    "model": "searchengine.slugs",
    "pk": 39,
    "fields": {
        "slug1": "If_you_have_a_documented_data_dictionary_are_you_",
        "description": "h1. Do you have a publically available database description?"
    }
},
{
    "model": "searchengine.slugs",
    "pk": 40,
    "fields": {
        "slug1": "what-is-the-source-version-id",
        "description": "h1. What is the source version ID?"
    }
},
{
    "model": "searchengine.slugs",
    "pk": 41,
    "fields": {
        "slug1": "when-was-the-source-data-released",
        "description": "h1. When was the source data released?"
    }
},
{
    "model": "searchengine.slugs",
    "pk": 42,
    "fields": {
        "slug1": "when-was-the-first-cdm-version-created",
        "description": "h1. When was the first CDM version created?"
    }
},
{
    "model": "searchengine.slugs",
    "pk": 43,
    "fields": {
        "slug1": "what-database-management-system-is-used-for-the-cd",
        "description": "h1. What database management system is used for the CDM database?"
    }
},
{
    "model": "searchengine.slugs",
    "pk": 44,
    "fields": {
        "slug1": "provide-a-link-to-public-etl-documentation-if-avai",
        "description": "h1. Provide a link to public ETL documentation if available."
    }
},
{
    "model": "searchengine.slugs",
    "pk": 45,
    "fields": {
        "slug1": "can-you-provide-information-about-the-whether-othe",
        "description": "h1. Have there been previous efforts to convert the data set to the OMOP Common Data Model? If yes, by whom?"
    }
},
{
    "model": "searchengine.slugs",
    "pk": 46,
    "fields": {
        "slug1": "is-there-any-categories-of-data-you-have-available",
        "description": "h1. Are there any categories of data you have available in the source which cannot be stored in the CDM?"
    }
},
{
    "model": "searchengine.slugs",
    "pk": 47,
    "fields": {
        "slug1": "do-you-have-an-ethical-committegovernance-board",
        "description": "h1. Do you have an ethical committe/governance board?"
    }
},
{
    "model": "searchengine.slugs",
    "pk": 48,
    "fields": {
        "slug1": "do-you-have-a-publically-available-document-that-d",
        "description": "h1. Do you have a publically available document that details the procedure by which approval can be requested?"
    }
},
{
    "model": "searchengine.slugs",
    "pk": 49,
    "fields": {
        "slug1": "describe-briefly-the-process-of-obtaining-approval",
        "description": "h1. Describe briefly the process of obtaining approval"
    }
},
{
    "model": "searchengine.slugs",
    "pk": 50,
    "fields": {
        "slug1": "what-is-the-average-duration-of-the-approval-proce",
        "description": "h1. What is the average duration of the approval process in weeks?"
    }
},
{
    "model": "searchengine.slugs",
    "pk": 51,
    "fields": {
        "slug1": "which-studies-have-to-be-registered-to-encepp",
        "description": "h1. Which studies have to be registered to ENCePP?"
    }
},
{
    "model": "searchengine.slugs",
    "pk": 52,
    "fields": {
        "slug1": "are-there-any-areas-of-use-or-research-that-have-b",
        "description": "h1. Are there any areas of use or research that have been explicitly barred by approval bodies or participants?"
    }
},
{
    "model": "searchengine.slugs",
    "pk": 53,
    "fields": {
        "slug1": "are-you-authorized-to-share-aggregated-analysis-re",
        "description": "h1. Are you authorized to share aggregated analysis results for research purposes? "
    }
},
{
    "model": "searchengine.slugs",
    "pk": 54,
    "fields": {
        "slug1": "are-you-able-to-contact-the-health-care-provider-t",
        "description": "h1. Are you able to contact the health care provider to obtain additional information about the patient?"
    }
},
{
    "model": "searchengine.slugs",
    "pk": 55,
    "fields": {
        "slug1": "are-you-able-to-contact-the-patient-to-obtain-addi",
        "description": "h1. Are you able to contact the patient to obtain additional information?"
    }
},
{
    "model": "searchengine.slugs",
    "pk": 56,
    "fields": {
        "slug1": "are-you-able-to-obtain-bio-samples-from-the-patien",
        "description": "h1. Are you able to obtain bio samples from the patient?"
    }
},
{
    "model": "searchengine.slugs",
    "pk": 57,
    "fields": {
        "slug1": "are-you-able-to-gather-additional-information-abou",
        "description": "h1. Describe if additional information can be obtained from the patients (for example information about air pollution)."
    }
},
{
    "model": "searchengine.slugs",
    "pk": 58,
    "fields": {
        "slug1": "list-of-peer-reviewed-papers-based-on-your-data-ba",
        "description": "h1. List of peer-reviewed papers based on your data base covering the last 5 years"
    }
},
{
    "model": "searchengine.slugs",
    "pk": 59,
    "fields": {
        "slug1": "for-each-of-the-following-types-of-documents-chec",
        "description": "h1. For each of the following types of documents, check those that you would accept to share with other members of the PIONEER community and specify how to obtain them, by email or Web site (please use the last box)."
    }
},
{
    "model": "searchengine.slugs",
    "pk": 60,
    "fields": {
        "slug1": "any-other-documents-to-share-please-add-urls-one",
        "description": "h1. Any other documents to share? Please add URLs, one for each line."
    }
},
{
    "model": "developer.plugin",
    "pk": 1,
    "fields": {
        "name": "test_plugin",
        "slug": "da580eeb9cce0197f09e3192ad17eeb5",
        "type": 5,
        "owner": [
            "user2"
        ],
        "icon": "",
        "create_date": "2020-09-25T12:39:22.718Z",
        "latest_update": "2020-09-25T12:39:22.719Z",
        "removed": false
    }
},
{
    "model": "developer.pluginversion",
    "pk": 1,
    "fields": {
        "plugin": 1,
        "is_remote": true,
        "path": "https://www.google.com/",
        "version": 1,
        "approved": true,
        "submitted": true,
        "submitted_desc": "",
        "create_date": "2020-09-25T12:39:23.679Z",
        "latest_update": "2020-09-25T12:39:24.763Z",
        "removed": false
    }
},
{
    "model": "fingerprint.fingerprint",
    "pk": 1,
    "fields": {
        "fingerprint_hash": "c07cab4473f545c1a03bde49d4d24592",
        "description": "",
        "questionnaire": 1,
        "community": null,
        "last_modification": "2020-09-25T12:36:44.547Z",
        "created": "2020-09-25T12:36:44.548Z",
        "owner": [
            "user2"
        ],
        "hits": 0,
        "removed": false,
        "fill": 0.0,
        "draft": true,
        "shared": []
    }
},
{
    "model": "fingerprint.fingerprint",
    "pk": 2,
    "fields": {
        "fingerprint_hash": "74bfc2468c4ccdafadec5d69c071533d",
        "description": "",
        "questionnaire": 1,
        "community": 1,
        "last_modification": "2020-09-25T12:37:39.462Z",
        "created": "2020-09-25T12:37:30.767Z",
        "owner": [
            "user2"
        ],
        "hits": 24,
        "removed": false,
        "fill": 83.3333333333333,
        "draft": false,
        "shared": []
    }
},
{
    "model": "fingerprint.answer",
    "pk": 1,
    "fields": {
        "question": 1,
        "data": "test_fingerprint_1",
        "comment": null,
        "fingerprint_id": 2,
        "date_of_capture": "2020-09-25T12:37:30.804Z",
        "previous_answer": null,
        "next_answer": null
    }
},
{
    "model": "fingerprint.answer",
    "pk": 2,
    "fields": {
        "question": 2,
        "data": "fingerprint_test_name",
        "comment": null,
        "fingerprint_id": 2,
        "date_of_capture": "2020-09-25T12:37:30.845Z",
        "previous_answer": null,
        "next_answer": null
    }
},
{
    "model": "fingerprint.answer",
    "pk": 3,
    "fields": {
        "question": 3,
        "data": "fingerprint_test_institution",
        "comment": null,
        "fingerprint_id": 2,
        "date_of_capture": "2020-09-25T12:37:30.854Z",
        "previous_answer": null,
        "next_answer": null
    }
},
{
    "model": "fingerprint.answer",
    "pk": 4,
    "fields": {
        "question": 4,
        "data": "test question_1.04",
        "comment": null,
        "fingerprint_id": 2,
        "date_of_capture": "2020-09-25T12:37:30.865Z",
        "previous_answer": null,
        "next_answer": null
    }
},
{
    "model": "fingerprint.answer",
    "pk": 5,
    "fields": {
        "question": 5,
        "data": "http://test105.com",
        "comment": null,
        "fingerprint_id": 2,
        "date_of_capture": "2020-09-25T12:37:30.874Z",
        "previous_answer": null,
        "next_answer": null
    }
},
{
    "model": "fingerprint.answer",
    "pk": 6,
    "fields": {
        "question": 6,
        "data": "http://test106.com",
        "comment": null,
        "fingerprint_id": 2,
        "date_of_capture": "2020-09-25T12:37:30.882Z",
        "previous_answer": null,
        "next_answer": null
    }
},
{
    "model": "fingerprint.answer",
    "pk": 7,
    "fields": {
        "question": 7,
        "data": "",
        "comment": null,
        "fingerprint_id": 2,
        "date_of_capture": "2020-09-25T12:37:30.888Z",
        "previous_answer": null,
        "next_answer": null
    }
},
{
    "model": "fingerprint.answer",
    "pk": 8,
    "fields": {
        "question": 8,
        "data": "test question_1.07.01",
        "comment": null,
        "fingerprint_id": 2,
        "date_of_capture": "2020-09-25T12:37:30.896Z",
        "previous_answer": null,
        "next_answer": null
    }
},
{
    "model": "fingerprint.answer",
    "pk": 9,
    "fields": {
        "question": 9,
        "data": "test question_1.07.02",
        "comment": null,
        "fingerprint_id": 2,
        "date_of_capture": "2020-09-25T12:37:30.904Z",
        "previous_answer": null,
        "next_answer": null
    }
},
{
    "model": "fingerprint.answer",
    "pk": 10,
    "fields": {
        "question": 10,
        "data": "test10703@ua.random",
        "comment": null,
        "fingerprint_id": 2,
        "date_of_capture": "2020-09-25T12:37:30.913Z",
        "previous_answer": null,
        "next_answer": null
    }
},
{
    "model": "fingerprint.answer",
    "pk": 11,
    "fields": {
        "question": 11,
        "data": "test question_1.07.04",
        "comment": null,
        "fingerprint_id": 2,
        "date_of_capture": "2020-09-25T12:37:30.920Z",
        "previous_answer": null,
        "next_answer": null
    }
},
{
    "model": "fingerprint.answer",
    "pk": 12,
    "fields": {
        "question": 12,
        "data": "",
        "comment": null,
        "fingerprint_id": 2,
        "date_of_capture": "2020-09-25T12:37:30.927Z",
        "previous_answer": null,
        "next_answer": null
    }
},
{
    "model": "fingerprint.answer",
    "pk": 13,
    "fields": {
        "question": 13,
        "data": "test question_1.08.01",
        "comment": null,
        "fingerprint_id": 2,
        "date_of_capture": "2020-09-25T12:37:30.933Z",
        "previous_answer": null,
        "next_answer": null
    }
},
{
    "model": "fingerprint.answer",
    "pk": 14,
    "fields": {
        "question": 14,
        "data": "test question_1.08.02",
        "comment": null,
        "fingerprint_id": 2,
        "date_of_capture": "2020-09-25T12:37:30.941Z",
        "previous_answer": null,
        "next_answer": null
    }
},
{
    "model": "fingerprint.answer",
    "pk": 15,
    "fields": {
        "question": 15,
        "data": "test10803@ua.random",
        "comment": null,
        "fingerprint_id": 2,
        "date_of_capture": "2020-09-25T12:37:30.948Z",
        "previous_answer": null,
        "next_answer": null
    }
},
{
    "model": "fingerprint.answer",
    "pk": 16,
    "fields": {
        "question": 16,
        "data": "test question_1.08.04",
        "comment": null,
        "fingerprint_id": 2,
        "date_of_capture": "2020-09-25T12:37:30.956Z",
        "previous_answer": null,
        "next_answer": null
    }
},
{
    "model": "fingerprint.answer",
    "pk": 17,
    "fields": {
        "question": 17,
        "data": "",
        "comment": null,
        "fingerprint_id": 2,
        "date_of_capture": "2020-09-25T12:37:30.963Z",
        "previous_answer": null,
        "next_answer": null
    }
},
{
    "model": "fingerprint.answer",
    "pk": 18,
    "fields": {
        "question": 18,
        "data": "test question_1.09.01",
        "comment": null,
        "fingerprint_id": 2,
        "date_of_capture": "2020-09-25T12:37:30.969Z",
        "previous_answer": null,
        "next_answer": null
    }
},
{
    "model": "fingerprint.answer",
    "pk": 19,
    "fields": {
        "question": 19,
        "data": "test question_1.09.02",
        "comment": null,
        "fingerprint_id": 2,
        "date_of_capture": "2020-09-25T12:37:30.976Z",
        "previous_answer": null,
        "next_answer": null
    }
},
{
    "model": "fingerprint.answer",
    "pk": 20,
    "fields": {
        "question": 20,
        "data": "test10903@ua.random",
        "comment": null,
        "fingerprint_id": 2,
        "date_of_capture": "2020-09-25T12:37:30.983Z",
        "previous_answer": null,
        "next_answer": null
    }
},
{
    "model": "fingerprint.answer",
    "pk": 21,
    "fields": {
        "question": 21,
        "data": "test question_1.09.04",
        "comment": null,
        "fingerprint_id": 2,
        "date_of_capture": "2020-09-25T12:37:30.990Z",
        "previous_answer": null,
        "next_answer": null
    }
},
{
    "model": "fingerprint.answer",
    "pk": 22,
    "fields": {
        "question": 22,
        "data": "",
        "comment": null,
        "fingerprint_id": 2,
        "date_of_capture": "2020-09-25T12:37:30.996Z",
        "previous_answer": null,
        "next_answer": null
    }
},
{
    "model": "fingerprint.answer",
    "pk": 23,
    "fields": {
        "question": 23,
        "data": "test question_1.10.01",
        "comment": null,
        "fingerprint_id": 2,
        "date_of_capture": "2020-09-25T12:37:31.002Z",
        "previous_answer": null,
        "next_answer": null
    }
},
{
    "model": "fingerprint.answer",
    "pk": 24,
    "fields": {
        "question": 24,
        "data": "test question_1.10.02",
        "comment": null,
        "fingerprint_id": 2,
        "date_of_capture": "2020-09-25T12:37:31.009Z",
        "previous_answer": null,
        "next_answer": null
    }
},
{
    "model": "fingerprint.answer",
    "pk": 25,
    "fields": {
        "question": 25,
        "data": "test11003@ua.random",
        "comment": null,
        "fingerprint_id": 2,
        "date_of_capture": "2020-09-25T12:37:31.015Z",
        "previous_answer": null,
        "next_answer": null
    }
},
{
    "model": "fingerprint.answer",
    "pk": 26,
    "fields": {
        "question": 26,
        "data": "test question_1.07.04",
        "comment": null,
        "fingerprint_id": 2,
        "date_of_capture": "2020-09-25T12:37:31.022Z",
        "previous_answer": null,
        "next_answer": null
    }
},
{
    "model": "fingerprint.answer",
    "pk": 27,
    "fields": {
        "question": 27,
        "data": "test question_2.01",
        "comment": null,
        "fingerprint_id": 2,
        "date_of_capture": "2020-09-25T12:37:34.896Z",
        "previous_answer": null,
        "next_answer": null
    }
},
{
    "model": "fingerprint.answer",
    "pk": 28,
    "fields": {
        "question": 28,
        "data": "#the source of data is care provided by specialist in an outpatient setting#the source of data is administrative/ billing data||test question_2.02_more1",
        "comment": null,
        "fingerprint_id": 2,
        "date_of_capture": "2020-09-25T12:37:34.909Z",
        "previous_answer": null,
        "next_answer": null
    }
},
{
    "model": "fingerprint.answer",
    "pk": 29,
    "fields": {
        "question": 29,
        "data": "yes",
        "comment": null,
        "fingerprint_id": 2,
        "date_of_capture": "2020-09-25T12:37:34.917Z",
        "previous_answer": null,
        "next_answer": null
    }
},
{
    "model": "fingerprint.answer",
    "pk": 30,
    "fields": {
        "question": 30,
        "data": "cross-sectional#cross-sectional",
        "comment": null,
        "fingerprint_id": 2,
        "date_of_capture": "2020-09-25T12:37:34.926Z",
        "previous_answer": null,
        "next_answer": null
    }
},
{
    "model": "fingerprint.answer",
    "pk": 31,
    "fields": {
        "question": 31,
        "data": "#Insurance/administrative claims#Inpatient hospital billing systems||test question_2.05_more1",
        "comment": null,
        "fingerprint_id": 2,
        "date_of_capture": "2020-09-25T12:37:34.935Z",
        "previous_answer": null,
        "next_answer": null
    }
},
{
    "model": "fingerprint.answer",
    "pk": 32,
    "fields": {
        "question": 32,
        "data": "{\"continent\":\"\",\"country\":\"Portugal\",\"adm1\":[\"Distrito de Aveiro\"],\"adm2\":\"\",\"adm3\":\"\",\"adm4\":\"\",\"adm5\":\"\"}",
        "comment": null,
        "fingerprint_id": 2,
        "date_of_capture": "2020-09-25T12:37:34.944Z",
        "previous_answer": null,
        "next_answer": null
    }
},
{
    "model": "fingerprint.answer",
    "pk": 33,
    "fields": {
        "question": 33,
        "data": "#one hospital||test question_2.07_more1",
        "comment": null,
        "fingerprint_id": 2,
        "date_of_capture": "2020-09-25T12:37:34.953Z",
        "previous_answer": null,
        "next_answer": null
    }
},
{
    "model": "fingerprint.answer",
    "pk": 34,
    "fields": {
        "question": 34,
        "data": "test question_2.08",
        "comment": null,
        "fingerprint_id": 2,
        "date_of_capture": "2020-09-25T12:37:34.963Z",
        "previous_answer": null,
        "next_answer": null
    }
},
{
    "model": "fingerprint.answer",
    "pk": 35,
    "fields": {
        "question": 35,
        "data": "#uninsured#public||test question_2.09_more1",
        "comment": null,
        "fingerprint_id": 2,
        "date_of_capture": "2020-09-25T12:37:34.971Z",
        "previous_answer": null,
        "next_answer": null
    }
},
{
    "model": "fingerprint.answer",
    "pk": 36,
    "fields": {
        "question": 36,
        "data": "#Outpatient general practitioner care#Other||test question_2.10_more1",
        "comment": null,
        "fingerprint_id": 2,
        "date_of_capture": "2020-09-25T12:37:34.980Z",
        "previous_answer": null,
        "next_answer": null
    }
},
{
    "model": "fingerprint.answer",
    "pk": 37,
    "fields": {
        "question": 37,
        "data": "#the subject enters or leaves the practice of a pharmacist#the subject is admitted to or discharged from an specialist outpatient clinic||test question_2.11_more1",
        "comment": null,
        "fingerprint_id": 2,
        "date_of_capture": "2020-09-25T12:37:34.988Z",
        "previous_answer": null,
        "next_answer": null
    }
},
{
    "model": "fingerprint.answer",
    "pk": 38,
    "fields": {
        "question": 38,
        "data": "#weekly||test question_2.12_more1",
        "comment": null,
        "fingerprint_id": 2,
        "date_of_capture": "2020-09-25T12:37:34.997Z",
        "previous_answer": null,
        "next_answer": null
    }
},
{
    "model": "fingerprint.answer",
    "pk": 39,
    "fields": {
        "question": 39,
        "data": "test question_2.13",
        "comment": null,
        "fingerprint_id": 2,
        "date_of_capture": "2020-09-25T12:37:35.006Z",
        "previous_answer": null,
        "next_answer": null
    }
},
{
    "model": "fingerprint.answer",
    "pk": 40,
    "fields": {
        "question": 40,
        "data": "test question_4.01",
        "comment": null,
        "fingerprint_id": 2,
        "date_of_capture": "2020-09-25T12:37:36.231Z",
        "previous_answer": null,
        "next_answer": null
    }
},
{
    "model": "fingerprint.answer",
    "pk": 41,
    "fields": {
        "question": 41,
        "data": "25/09/2020",
        "comment": null,
        "fingerprint_id": 2,
        "date_of_capture": "2020-09-25T12:37:36.258Z",
        "previous_answer": null,
        "next_answer": null
    }
},
{
    "model": "fingerprint.answer",
    "pk": 42,
    "fields": {
        "question": 42,
        "data": "25/09/2020",
        "comment": null,
        "fingerprint_id": 2,
        "date_of_capture": "2020-09-25T12:37:36.294Z",
        "previous_answer": null,
        "next_answer": null
    }
},
{
    "model": "fingerprint.answer",
    "pk": 43,
    "fields": {
        "question": 43,
        "data": "#Postgresql ||test question_4.04_more1",
        "comment": null,
        "fingerprint_id": 2,
        "date_of_capture": "2020-09-25T12:37:36.304Z",
        "previous_answer": null,
        "next_answer": null
    }
},
{
    "model": "fingerprint.answer",
    "pk": 44,
    "fields": {
        "question": 44,
        "data": "test question_4.05",
        "comment": null,
        "fingerprint_id": 2,
        "date_of_capture": "2020-09-25T12:37:36.312Z",
        "previous_answer": null,
        "next_answer": null
    }
},
{
    "model": "fingerprint.answer",
    "pk": 45,
    "fields": {
        "question": 45,
        "data": "test question_4.06",
        "comment": null,
        "fingerprint_id": 2,
        "date_of_capture": "2020-09-25T12:37:36.323Z",
        "previous_answer": null,
        "next_answer": null
    }
},
{
    "model": "fingerprint.answer",
    "pk": 46,
    "fields": {
        "question": 46,
        "data": "test question_4.07",
        "comment": null,
        "fingerprint_id": 2,
        "date_of_capture": "2020-09-25T12:37:36.334Z",
        "previous_answer": null,
        "next_answer": null
    }
},
{
    "model": "fingerprint.answer",
    "pk": 47,
    "fields": {
        "question": 47,
        "data": "no",
        "comment": null,
        "fingerprint_id": 2,
        "date_of_capture": "2020-09-25T12:37:38.006Z",
        "previous_answer": null,
        "next_answer": null
    }
},
{
    "model": "fingerprint.answer",
    "pk": 48,
    "fields": {
        "question": 48,
        "data": "yes",
        "comment": null,
        "fingerprint_id": 2,
        "date_of_capture": "2020-09-25T12:37:38.027Z",
        "previous_answer": null,
        "next_answer": null
    }
},
{
    "model": "fingerprint.answer",
    "pk": 49,
    "fields": {
        "question": 49,
        "data": "test question_5.03",
        "comment": null,
        "fingerprint_id": 2,
        "date_of_capture": "2020-09-25T12:37:38.042Z",
        "previous_answer": null,
        "next_answer": null
    }
},
{
    "model": "fingerprint.answer",
    "pk": 50,
    "fields": {
        "question": 50,
        "data": "3.5",
        "comment": null,
        "fingerprint_id": 2,
        "date_of_capture": "2020-09-25T12:37:38.052Z",
        "previous_answer": null,
        "next_answer": null
    }
},
{
    "model": "fingerprint.answer",
    "pk": 51,
    "fields": {
        "question": 51,
        "data": "test question_5.05",
        "comment": null,
        "fingerprint_id": 2,
        "date_of_capture": "2020-09-25T12:37:38.073Z",
        "previous_answer": null,
        "next_answer": null
    }
},
{
    "model": "fingerprint.answer",
    "pk": 52,
    "fields": {
        "question": 52,
        "data": "test question_5.06",
        "comment": null,
        "fingerprint_id": 2,
        "date_of_capture": "2020-09-25T12:37:38.092Z",
        "previous_answer": null,
        "next_answer": null
    }
},
{
    "model": "fingerprint.answer",
    "pk": 53,
    "fields": {
        "question": 53,
        "data": "test question_5.07",
        "comment": null,
        "fingerprint_id": 2,
        "date_of_capture": "2020-09-25T12:37:38.110Z",
        "previous_answer": null,
        "next_answer": null
    }
},
{
    "model": "fingerprint.answer",
    "pk": 54,
    "fields": {
        "question": 54,
        "data": "yes",
        "comment": null,
        "fingerprint_id": 2,
        "date_of_capture": "2020-09-25T12:37:38.118Z",
        "previous_answer": null,
        "next_answer": null
    }
},
{
    "model": "fingerprint.answer",
    "pk": 55,
    "fields": {
        "question": 55,
        "data": "no",
        "comment": null,
        "fingerprint_id": 2,
        "date_of_capture": "2020-09-25T12:37:38.127Z",
        "previous_answer": null,
        "next_answer": null
    }
},
{
    "model": "fingerprint.answer",
    "pk": 56,
    "fields": {
        "question": 56,
        "data": "yes",
        "comment": null,
        "fingerprint_id": 2,
        "date_of_capture": "2020-09-25T12:37:38.137Z",
        "previous_answer": null,
        "next_answer": null
    }
},
{
    "model": "fingerprint.answer",
    "pk": 57,
    "fields": {
        "question": 57,
        "data": "test question_5.11",
        "comment": null,
        "fingerprint_id": 2,
        "date_of_capture": "2020-09-25T12:37:38.148Z",
        "previous_answer": null,
        "next_answer": null
    }
},
{
    "model": "fingerprint.answer",
    "pk": 58,
    "fields": {
        "question": 58,
        "data": "[{\"pmid\":\"test question_601_pubmedid\",\"title\":\"test question_601_pubtitle\",\"authors\":\"test question_601_pubauthors\",\"journal\":\"test question_601_pubjournal\",\"year\":\"2006\",\"link\":\"\"}]",
        "comment": null,
        "fingerprint_id": 2,
        "date_of_capture": "2020-09-25T12:37:39.477Z",
        "previous_answer": null,
        "next_answer": null
    }
},
{
    "model": "fingerprint.answer",
    "pk": 59,
    "fields": {
        "question": 59,
        "data": "#Patient information regarding secondary use of their data (information brochure, invitation letter, letter to withdraw, etc.): Can be obtained  on the study Web site, or by emailing#Data dictionary: Can be obtained on the study Web site, or by emailing: Data model: Can be obtained on the study Web site, or by emailing||test question_6.02_more1",
        "comment": null,
        "fingerprint_id": 2,
        "date_of_capture": "2020-09-25T12:37:39.503Z",
        "previous_answer": null,
        "next_answer": null
    }
},
{
    "model": "fingerprint.answer",
    "pk": 60,
    "fields": {
        "question": 60,
        "data": "test question_6.03\r\ntest question_6.03",
        "comment": null,
        "fingerprint_id": 2,
        "date_of_capture": "2020-09-25T12:37:39.523Z",
        "previous_answer": null,
        "next_answer": null
    }
},
{
    "model": "fingerprint.fingerprinthead",
    "pk": 1,
    "fields": {
        "fingerprint_id": 2,
        "revision": 1,
        "date": "2020-09-25T12:37:30.815Z"
    }
},
{
    "model": "fingerprint.fingerprinthead",
    "pk": 2,
    "fields": {
        "fingerprint_id": 2,
        "revision": 2,
        "date": "2020-09-25T12:37:34.900Z"
    }
},
{
    "model": "fingerprint.fingerprinthead",
    "pk": 3,
    "fields": {
        "fingerprint_id": 2,
        "revision": 3,
        "date": "2020-09-25T12:37:36.240Z"
    }
},
{
    "model": "fingerprint.fingerprinthead",
    "pk": 4,
    "fields": {
        "fingerprint_id": 2,
        "revision": 4,
        "date": "2020-09-25T12:37:38.015Z"
    }
},
{
    "model": "fingerprint.fingerprinthead",
    "pk": 5,
    "fields": {
        "fingerprint_id": 2,
        "revision": 5,
        "date": "2020-09-25T12:37:39.486Z"
    }
},
{
    "model": "fingerprint.fingerprinthead",
    "pk": 6,
    "fields": {
        "fingerprint_id": 2,
        "revision": 6,
        "date": "2020-09-25T12:40:03.567Z"
    }
},
{
    "model": "fingerprint.fingerprinthead",
    "pk": 7,
    "fields": {
        "fingerprint_id": 2,
        "revision": 7,
        "date": "2020-09-25T12:40:07.038Z"
    }
},
{
    "model": "fingerprint.answerchange",
    "pk": 1,
    "fields": {
        "revision_head": 1,
        "answer": 1,
        "old_value": null,
        "new_value": "test_fingerprint_1",
        "old_comment": null,
        "new_comment": null
    }
},
{
    "model": "fingerprint.answerchange",
    "pk": 2,
    "fields": {
        "revision_head": 1,
        "answer": 2,
        "old_value": null,
        "new_value": "fingerprint_test_name",
        "old_comment": null,
        "new_comment": null
    }
},
{
    "model": "fingerprint.answerchange",
    "pk": 3,
    "fields": {
        "revision_head": 1,
        "answer": 3,
        "old_value": null,
        "new_value": "fingerprint_test_institution",
        "old_comment": null,
        "new_comment": null
    }
},
{
    "model": "fingerprint.answerchange",
    "pk": 4,
    "fields": {
        "revision_head": 1,
        "answer": 4,
        "old_value": null,
        "new_value": "test question_1.04",
        "old_comment": null,
        "new_comment": null
    }
},
{
    "model": "fingerprint.answerchange",
    "pk": 5,
    "fields": {
        "revision_head": 1,
        "answer": 5,
        "old_value": null,
        "new_value": "http://test105.com",
        "old_comment": null,
        "new_comment": null
    }
},
{
    "model": "fingerprint.answerchange",
    "pk": 6,
    "fields": {
        "revision_head": 1,
        "answer": 6,
        "old_value": null,
        "new_value": "http://test106.com",
        "old_comment": null,
        "new_comment": null
    }
},
{
    "model": "fingerprint.answerchange",
    "pk": 7,
    "fields": {
        "revision_head": 1,
        "answer": 8,
        "old_value": null,
        "new_value": "test question_1.07.01",
        "old_comment": null,
        "new_comment": null
    }
},
{
    "model": "fingerprint.answerchange",
    "pk": 8,
    "fields": {
        "revision_head": 1,
        "answer": 9,
        "old_value": null,
        "new_value": "test question_1.07.02",
        "old_comment": null,
        "new_comment": null
    }
},
{
    "model": "fingerprint.answerchange",
    "pk": 9,
    "fields": {
        "revision_head": 1,
        "answer": 10,
        "old_value": null,
        "new_value": "test10703@ua.random",
        "old_comment": null,
        "new_comment": null
    }
},
{
    "model": "fingerprint.answerchange",
    "pk": 10,
    "fields": {
        "revision_head": 1,
        "answer": 11,
        "old_value": null,
        "new_value": "test question_1.07.04",
        "old_comment": null,
        "new_comment": null
    }
},
{
    "model": "fingerprint.answerchange",
    "pk": 11,
    "fields": {
        "revision_head": 1,
        "answer": 13,
        "old_value": null,
        "new_value": "test question_1.08.01",
        "old_comment": null,
        "new_comment": null
    }
},
{
    "model": "fingerprint.answerchange",
    "pk": 12,
    "fields": {
        "revision_head": 1,
        "answer": 14,
        "old_value": null,
        "new_value": "test question_1.08.02",
        "old_comment": null,
        "new_comment": null
    }
},
{
    "model": "fingerprint.answerchange",
    "pk": 13,
    "fields": {
        "revision_head": 1,
        "answer": 15,
        "old_value": null,
        "new_value": "test10803@ua.random",
        "old_comment": null,
        "new_comment": null
    }
},
{
    "model": "fingerprint.answerchange",
    "pk": 14,
    "fields": {
        "revision_head": 1,
        "answer": 16,
        "old_value": null,
        "new_value": "test question_1.08.04",
        "old_comment": null,
        "new_comment": null
    }
},
{
    "model": "fingerprint.answerchange",
    "pk": 15,
    "fields": {
        "revision_head": 1,
        "answer": 18,
        "old_value": null,
        "new_value": "test question_1.09.01",
        "old_comment": null,
        "new_comment": null
    }
},
{
    "model": "fingerprint.answerchange",
    "pk": 16,
    "fields": {
        "revision_head": 1,
        "answer": 19,
        "old_value": null,
        "new_value": "test question_1.09.02",
        "old_comment": null,
        "new_comment": null
    }
},
{
    "model": "fingerprint.answerchange",
    "pk": 17,
    "fields": {
        "revision_head": 1,
        "answer": 20,
        "old_value": null,
        "new_value": "test10903@ua.random",
        "old_comment": null,
        "new_comment": null
    }
},
{
    "model": "fingerprint.answerchange",
    "pk": 18,
    "fields": {
        "revision_head": 1,
        "answer": 21,
        "old_value": null,
        "new_value": "test question_1.09.04",
        "old_comment": null,
        "new_comment": null
    }
},
{
    "model": "fingerprint.answerchange",
    "pk": 19,
    "fields": {
        "revision_head": 1,
        "answer": 23,
        "old_value": null,
        "new_value": "test question_1.10.01",
        "old_comment": null,
        "new_comment": null
    }
},
{
    "model": "fingerprint.answerchange",
    "pk": 20,
    "fields": {
        "revision_head": 1,
        "answer": 24,
        "old_value": null,
        "new_value": "test question_1.10.02",
        "old_comment": null,
        "new_comment": null
    }
},
{
    "model": "fingerprint.answerchange",
    "pk": 21,
    "fields": {
        "revision_head": 1,
        "answer": 25,
        "old_value": null,
        "new_value": "test11003@ua.random",
        "old_comment": null,
        "new_comment": null
    }
},
{
    "model": "fingerprint.answerchange",
    "pk": 22,
    "fields": {
        "revision_head": 1,
        "answer": 26,
        "old_value": null,
        "new_value": "test question_1.07.04",
        "old_comment": null,
        "new_comment": null
    }
},
{
    "model": "fingerprint.answerchange",
    "pk": 23,
    "fields": {
        "revision_head": 2,
        "answer": 27,
        "old_value": null,
        "new_value": "test question_2.01",
        "old_comment": null,
        "new_comment": null
    }
},
{
    "model": "fingerprint.answerchange",
    "pk": 24,
    "fields": {
        "revision_head": 2,
        "answer": 28,
        "old_value": null,
        "new_value": "#the source of data is care provided by specialist in an outpatient setting#the source of data is administrative/ billing data||test question_2.02_more1",
        "old_comment": null,
        "new_comment": null
    }
},
{
    "model": "fingerprint.answerchange",
    "pk": 25,
    "fields": {
        "revision_head": 2,
        "answer": 29,
        "old_value": null,
        "new_value": "yes",
        "old_comment": null,
        "new_comment": null
    }
},
{
    "model": "fingerprint.answerchange",
    "pk": 26,
    "fields": {
        "revision_head": 2,
        "answer": 30,
        "old_value": null,
        "new_value": "cross-sectional#cross-sectional",
        "old_comment": null,
        "new_comment": null
    }
},
{
    "model": "fingerprint.answerchange",
    "pk": 27,
    "fields": {
        "revision_head": 2,
        "answer": 31,
        "old_value": null,
        "new_value": "#Insurance/administrative claims#Inpatient hospital billing systems||test question_2.05_more1",
        "old_comment": null,
        "new_comment": null
    }
},
{
    "model": "fingerprint.answerchange",
    "pk": 28,
    "fields": {
        "revision_head": 2,
        "answer": 32,
        "old_value": null,
        "new_value": "{\"continent\":\"\",\"country\":\"Portugal\",\"adm1\":[\"Distrito de Aveiro\"],\"adm2\":\"\",\"adm3\":\"\",\"adm4\":\"\",\"adm5\":\"\"}",
        "old_comment": null,
        "new_comment": null
    }
},
{
    "model": "fingerprint.answerchange",
    "pk": 29,
    "fields": {
        "revision_head": 2,
        "answer": 33,
        "old_value": null,
        "new_value": "#one hospital||test question_2.07_more1",
        "old_comment": null,
        "new_comment": null
    }
},
{
    "model": "fingerprint.answerchange",
    "pk": 30,
    "fields": {
        "revision_head": 2,
        "answer": 34,
        "old_value": null,
        "new_value": "test question_2.08",
        "old_comment": null,
        "new_comment": null
    }
},
{
    "model": "fingerprint.answerchange",
    "pk": 31,
    "fields": {
        "revision_head": 2,
        "answer": 35,
        "old_value": null,
        "new_value": "#uninsured#public||test question_2.09_more1",
        "old_comment": null,
        "new_comment": null
    }
},
{
    "model": "fingerprint.answerchange",
    "pk": 32,
    "fields": {
        "revision_head": 2,
        "answer": 36,
        "old_value": null,
        "new_value": "#Outpatient general practitioner care#Other||test question_2.10_more1",
        "old_comment": null,
        "new_comment": null
    }
},
{
    "model": "fingerprint.answerchange",
    "pk": 33,
    "fields": {
        "revision_head": 2,
        "answer": 37,
        "old_value": null,
        "new_value": "#the subject enters or leaves the practice of a pharmacist#the subject is admitted to or discharged from an specialist outpatient clinic||test question_2.11_more1",
        "old_comment": null,
        "new_comment": null
    }
},
{
    "model": "fingerprint.answerchange",
    "pk": 34,
    "fields": {
        "revision_head": 2,
        "answer": 38,
        "old_value": null,
        "new_value": "#weekly||test question_2.12_more1",
        "old_comment": null,
        "new_comment": null
    }
},
{
    "model": "fingerprint.answerchange",
    "pk": 35,
    "fields": {
        "revision_head": 2,
        "answer": 39,
        "old_value": null,
        "new_value": "test question_2.13",
        "old_comment": null,
        "new_comment": null
    }
},
{
    "model": "fingerprint.answerchange",
    "pk": 36,
    "fields": {
        "revision_head": 3,
        "answer": 40,
        "old_value": null,
        "new_value": "test question_4.01",
        "old_comment": null,
        "new_comment": null
    }
},
{
    "model": "fingerprint.answerchange",
    "pk": 37,
    "fields": {
        "revision_head": 3,
        "answer": 41,
        "old_value": null,
        "new_value": "25/09/2020",
        "old_comment": null,
        "new_comment": null
    }
},
{
    "model": "fingerprint.answerchange",
    "pk": 38,
    "fields": {
        "revision_head": 3,
        "answer": 42,
        "old_value": null,
        "new_value": "25/09/2020",
        "old_comment": null,
        "new_comment": null
    }
},
{
    "model": "fingerprint.answerchange",
    "pk": 39,
    "fields": {
        "revision_head": 3,
        "answer": 43,
        "old_value": null,
        "new_value": "#Postgresql ||test question_4.04_more1",
        "old_comment": null,
        "new_comment": null
    }
},
{
    "model": "fingerprint.answerchange",
    "pk": 40,
    "fields": {
        "revision_head": 3,
        "answer": 44,
        "old_value": null,
        "new_value": "test question_4.05",
        "old_comment": null,
        "new_comment": null
    }
},
{
    "model": "fingerprint.answerchange",
    "pk": 41,
    "fields": {
        "revision_head": 3,
        "answer": 45,
        "old_value": null,
        "new_value": "test question_4.06",
        "old_comment": null,
        "new_comment": null
    }
},
{
    "model": "fingerprint.answerchange",
    "pk": 42,
    "fields": {
        "revision_head": 3,
        "answer": 46,
        "old_value": null,
        "new_value": "test question_4.07",
        "old_comment": null,
        "new_comment": null
    }
},
{
    "model": "fingerprint.answerchange",
    "pk": 43,
    "fields": {
        "revision_head": 4,
        "answer": 47,
        "old_value": null,
        "new_value": "no",
        "old_comment": null,
        "new_comment": null
    }
},
{
    "model": "fingerprint.answerchange",
    "pk": 44,
    "fields": {
        "revision_head": 4,
        "answer": 48,
        "old_value": null,
        "new_value": "yes",
        "old_comment": null,
        "new_comment": null
    }
},
{
    "model": "fingerprint.answerchange",
    "pk": 45,
    "fields": {
        "revision_head": 4,
        "answer": 49,
        "old_value": null,
        "new_value": "test question_5.03",
        "old_comment": null,
        "new_comment": null
    }
},
{
    "model": "fingerprint.answerchange",
    "pk": 46,
    "fields": {
        "revision_head": 4,
        "answer": 50,
        "old_value": null,
        "new_value": "3.5",
        "old_comment": null,
        "new_comment": null
    }
},
{
    "model": "fingerprint.answerchange",
    "pk": 47,
    "fields": {
        "revision_head": 4,
        "answer": 51,
        "old_value": null,
        "new_value": "test question_5.05",
        "old_comment": null,
        "new_comment": null
    }
},
{
    "model": "fingerprint.answerchange",
    "pk": 48,
    "fields": {
        "revision_head": 4,
        "answer": 52,
        "old_value": null,
        "new_value": "test question_5.06",
        "old_comment": null,
        "new_comment": null
    }
},
{
    "model": "fingerprint.answerchange",
    "pk": 49,
    "fields": {
        "revision_head": 4,
        "answer": 53,
        "old_value": null,
        "new_value": "test question_5.07",
        "old_comment": null,
        "new_comment": null
    }
},
{
    "model": "fingerprint.answerchange",
    "pk": 50,
    "fields": {
        "revision_head": 4,
        "answer": 54,
        "old_value": null,
        "new_value": "yes",
        "old_comment": null,
        "new_comment": null
    }
},
{
    "model": "fingerprint.answerchange",
    "pk": 51,
    "fields": {
        "revision_head": 4,
        "answer": 55,
        "old_value": null,
        "new_value": "no",
        "old_comment": null,
        "new_comment": null
    }
},
{
    "model": "fingerprint.answerchange",
    "pk": 52,
    "fields": {
        "revision_head": 4,
        "answer": 56,
        "old_value": null,
        "new_value": "yes",
        "old_comment": null,
        "new_comment": null
    }
},
{
    "model": "fingerprint.answerchange",
    "pk": 53,
    "fields": {
        "revision_head": 4,
        "answer": 57,
        "old_value": null,
        "new_value": "test question_5.11",
        "old_comment": null,
        "new_comment": null
    }
},
{
    "model": "fingerprint.answerchange",
    "pk": 54,
    "fields": {
        "revision_head": 5,
        "answer": 58,
        "old_value": null,
        "new_value": "[{\"pmid\":\"test question_601_pubmedid\",\"title\":\"test question_601_pubtitle\",\"authors\":\"test question_601_pubauthors\",\"journal\":\"test question_601_pubjournal\",\"year\":\"2006\",\"link\":\"\"}]",
        "old_comment": null,
        "new_comment": null
    }
},
{
    "model": "fingerprint.answerchange",
    "pk": 55,
    "fields": {
        "revision_head": 5,
        "answer": 59,
        "old_value": null,
        "new_value": "#Patient information regarding secondary use of their data (information brochure, invitation letter, letter to withdraw, etc.): Can be obtained  on the study Web site, or by emailing#Data dictionary: Can be obtained on the study Web site, or by emailing: Data model: Can be obtained on the study Web site, or by emailing||test question_6.02_more1",
        "old_comment": null,
        "new_comment": null
    }
},
{
    "model": "fingerprint.answerchange",
    "pk": 56,
    "fields": {
        "revision_head": 5,
        "answer": 60,
        "old_value": null,
        "new_value": "test question_6.03\r\ntest question_6.03",
        "old_comment": null,
        "new_comment": null
    }
},
{
    "model": "fingerprint.answerchange",
    "pk": 57,
    "fields": {
        "revision_head": 6,
        "answer": 49,
        "old_value": "test question_5.03",
        "new_value": "question_5.03_edited",
        "old_comment": null,
        "new_comment": null
    }
},
{
    "model": "fingerprint.answerchange",
    "pk": 58,
    "fields": {
        "revision_head": 7,
        "answer": 49,
        "old_value": "question_5.03_edited",
        "new_value": "test question_5.03",
        "old_comment": null,
        "new_comment": null
    }
},
{
    "model": "fingerprint.fingerprintreturnedsimple",
    "pk": 1,
    "fields": {
        "fingerprint": 2,
        "searcher": [
            "user1"
        ],
        "date": "2020-09-25T12:41:18.266Z",
        "query_reference": 1
    }
},
{
    "model": "fingerprint.fingerprintreturnedsimple",
    "pk": 2,
    "fields": {
        "fingerprint": 2,
        "searcher": [
            "user1"
        ],
        "date": "2020-09-25T12:41:19.317Z",
        "query_reference": 2
    }
},
{
    "model": "fingerprint.fingerprintreturnedsimple",
    "pk": 3,
    "fields": {
        "fingerprint": 2,
        "searcher": [
            "user1"
        ],
        "date": "2020-09-25T12:41:20.239Z",
        "query_reference": 3
    }
},
{
    "model": "fingerprint.fingerprintreturnedsimple",
    "pk": 4,
    "fields": {
        "fingerprint": 2,
        "searcher": [
            "user1"
        ],
        "date": "2020-09-25T12:41:21.169Z",
        "query_reference": 4
    }
},
{
    "model": "fingerprint.fingerprintreturnedsimple",
    "pk": 5,
    "fields": {
        "fingerprint": 2,
        "searcher": [
            "user1"
        ],
        "date": "2020-09-25T12:41:21.997Z",
        "query_reference": 5
    }
},
{
    "model": "fingerprint.fingerprintreturnedsimple",
    "pk": 6,
    "fields": {
        "fingerprint": 2,
        "searcher": [
            "user1"
        ],
        "date": "2020-09-25T12:41:22.900Z",
        "query_reference": 6
    }
},
{
    "model": "fingerprint.fingerprintreturnedadvanced",
    "pk": 1,
    "fields": {
        "fingerprint": 2,
        "searcher": [
            "user2"
        ],
        "date": "2020-09-25T12:41:07.183Z",
        "query_reference": 1
    }
},
{
    "model": "fingerprint.fingerprintreturnedadvanced",
    "pk": 2,
    "fields": {
        "fingerprint": 2,
        "searcher": [
            "user2"
        ],
        "date": "2020-09-25T12:41:11.061Z",
        "query_reference": 2
    }
},
{
    "model": "fingerprint.questionsetcompletion",
    "pk": 1,
    "fields": {
        "fingerprint": 1,
        "questionset": 1,
        "latest_update": "2020-09-25T12:36:44.677Z",
        "fill": 0.0,
        "answered": 0,
        "possible": 0
    }
},
{
    "model": "fingerprint.questionsetcompletion",
    "pk": 2,
    "fields": {
        "fingerprint": 1,
        "questionset": 2,
        "latest_update": "2020-09-25T12:36:44.772Z",
        "fill": 0.0,
        "answered": 0,
        "possible": 22
    }
},
{
    "model": "fingerprint.questionsetcompletion",
    "pk": 3,
    "fields": {
        "fingerprint": 1,
        "questionset": 3,
        "latest_update": "2020-09-25T12:36:44.805Z",
        "fill": 0.0,
        "answered": 0,
        "possible": 13
    }
},
{
    "model": "fingerprint.questionsetcompletion",
    "pk": 4,
    "fields": {
        "fingerprint": 1,
        "questionset": 4,
        "latest_update": "2020-09-25T12:36:44.823Z",
        "fill": 0.0,
        "answered": 0,
        "possible": 7
    }
},
{
    "model": "fingerprint.questionsetcompletion",
    "pk": 5,
    "fields": {
        "fingerprint": 1,
        "questionset": 5,
        "latest_update": "2020-09-25T12:36:44.850Z",
        "fill": 0.0,
        "answered": 0,
        "possible": 11
    }
},
{
    "model": "fingerprint.questionsetcompletion",
    "pk": 6,
    "fields": {
        "fingerprint": 1,
        "questionset": 6,
        "latest_update": "2020-09-25T12:36:44.861Z",
        "fill": 0.0,
        "answered": 0,
        "possible": 3
    }
},
{
    "model": "fingerprint.questionsetcompletion",
    "pk": 7,
    "fields": {
        "fingerprint": 2,
        "questionset": 1,
        "latest_update": "2020-09-25T12:40:07.132Z",
        "fill": 0.0,
        "answered": 0,
        "possible": 0
    }
},
{
    "model": "fingerprint.questionsetcompletion",
    "pk": 8,
    "fields": {
        "fingerprint": 2,
        "questionset": 2,
        "latest_update": "2020-09-25T12:40:07.173Z",
        "fill": 100.0,
        "answered": 22,
        "possible": 22
    }
},
{
    "model": "fingerprint.questionsetcompletion",
    "pk": 9,
    "fields": {
        "fingerprint": 2,
        "questionset": 3,
        "latest_update": "2020-09-25T12:40:07.198Z",
        "fill": 100.0,
        "answered": 13,
        "possible": 13
    }
},
{
    "model": "fingerprint.questionsetcompletion",
    "pk": 10,
    "fields": {
        "fingerprint": 2,
        "questionset": 4,
        "latest_update": "2020-09-25T12:40:07.217Z",
        "fill": 100.0,
        "answered": 7,
        "possible": 7
    }
},
{
    "model": "fingerprint.questionsetcompletion",
    "pk": 11,
    "fields": {
        "fingerprint": 2,
        "questionset": 5,
        "latest_update": "2020-09-25T12:40:07.241Z",
        "fill": 100.0,
        "answered": 11,
        "possible": 11
    }
},
{
    "model": "fingerprint.questionsetcompletion",
    "pk": 12,
    "fields": {
        "fingerprint": 2,
        "questionset": 6,
        "latest_update": "2020-09-25T12:40:07.252Z",
        "fill": 100.0,
        "answered": 3,
        "possible": 3
    }
},
{
    "model": "fingerprint.fingerprintsubscription",
    "pk": 1,
    "fields": {
        "fingerprint": 1,
        "user": [
            "user2"
        ],
        "date": "2020-09-25T12:36:44.565Z",
        "latest_update": "2020-09-25T12:36:44.565Z",
        "removed": false
    }
},
{
    "model": "fingerprint.fingerprintsubscription",
    "pk": 2,
    "fields": {
        "fingerprint": 2,
        "user": [
            "user2"
        ],
        "date": "2020-09-25T12:37:30.783Z",
        "latest_update": "2020-09-25T12:37:30.783Z",
        "removed": false
    }
},
{
    "model": "fingerprint.fingerprintsubscription",
    "pk": 3,
    "fields": {
        "fingerprint": 2,
        "user": [
            "user1"
        ],
        "date": "2020-09-25T12:37:59.608Z",
        "latest_update": "2020-09-25T12:39:11.091Z",
        "removed": true
    }
},
{
    "model": "hitcount.hitcount",
    "pk": 1,
    "fields": {
        "hits": 0,
        "modified": "2020-09-25T12:36:45.022Z",
        "content_type": [
            "fingerprint",
            "fingerprint"
        ],
        "object_pk": 1
    }
},
{
    "model": "hitcount.hitcount",
    "pk": 2,
    "fields": {
        "hits": 2,
        "modified": "2020-09-25T12:38:13.137Z",
        "content_type": [
            "fingerprint",
            "fingerprint"
        ],
        "object_pk": 2
    }
},
{
    "model": "hitcount.hit",
    "pk": 1,
    "fields": {
        "created": "2020-09-25T12:37:41.744Z",
        "ip": "127.0.0.1",
        "session": "hwrda05lbiv12j3tzezrx57ziv81bzk1",
        "user_agent": "Mozilla/5.0 (X11; Linux x86_64) AppleWebKit/537.36 (KHTML, like Gecko) HeadlessChrome/84.0.4147.0 Safari/537.36",
        "user": [
            "user2"
        ],
        "hitcount": 2
    }
},
{
    "model": "hitcount.hit",
    "pk": 2,
    "fields": {
        "created": "2020-09-25T12:38:13.141Z",
        "ip": "127.0.0.1",
        "session": "9l1ol33seju13mh2skxuil71q1b40piw",
        "user_agent": "Mozilla/5.0 (X11; Linux x86_64) AppleWebKit/537.36 (KHTML, like Gecko) HeadlessChrome/84.0.4147.0 Safari/537.36",
        "user": [
            "user1"
        ],
        "hitcount": 2
    }
},
{
    "model": "notifications.notification",
    "pk": 1,
    "fields": {
        "destiny": [
            "user1"
        ],
        "origin": [
            "user2"
        ],
        "type": 1,
        "href": "/share/activation/dae4fb26c2802fac23587494304fa016",
        "notification": "test_fingerprint_1 has been shared with you, please click here to activate it.",
        "created_date": "2020-09-25T12:37:56.994Z",
        "read_date": "2020-09-25T12:37:59.565Z",
        "read": true,
        "removed": true
    }
},
{
    "model": "notifications.notification",
    "pk": 2,
    "fields": {
        "destiny": [
            "user1"
        ],
        "origin": [
            "user2"
        ],
        "type": 1,
        "href": "/share/activation/a16a5d5dd1467a812b126f9dc0fe4c63",
        "notification": "test_fingerprint_1 has been shared with you, please click here to activate it.",
        "created_date": "2020-09-25T12:38:47.216Z",
        "read_date": "2020-09-25T12:38:49.311Z",
        "read": true,
        "removed": true
    }
},
{
    "model": "database.constance",
    "pk": 1,
    "fields": {
        "key": "brand",
        "value": "gAJVDkVNSUYgQ2F0YWxvZ3VlcQEu"
    }
},
{
    "model": "database.constance",
    "pk": 2,
    "fields": {
        "key": "copyrightsplash",
        "value": "gAJVTjxhIHRhcmdldD0iX2JsYW5rIiBocmVmPSJodHRwOi8vYmlvaW5mb3JtYXRpY3MudWEucHQvIj5CaW9pbmZvcm1hdGljcywgVUEuPC9hPnEBLg=="
    }
},
{
    "model": "database.constance",
    "pk": 3,
    "fields": {
        "key": "aboutMenu",
        "value": true
    }
},
{
    "model": "database.constance",
    "pk": 4,
    "fields": {
        "key": "historyMenu",
        "value": true
    }
},
{
    "model": "database.constance",
    "pk": 5,
    "fields": {
        "key": "faqMenu",
        "value": true
    }
},
{
    "model": "database.constance",
    "pk": 6,
    "fields": {
        "key": "docMenu",
        "value": true
    }
},
{
    "model": "database.constance",
    "pk": 7,
    "fields": {
        "key": "contactMenu",
        "value": true
    }
},
{
    "model": "database.constance",
    "pk": 8,
    "fields": {
        "key": "notificationsMenu",
        "value": true
    }
},
{
    "model": "database.constance",
    "pk": 9,
    "fields": {
        "key": "jobQueueMenu",
        "value": true
    }
},
{
    "model": "database.constance",
    "pk": 10,
    "fields": {
        "key": "useCommunityList",
        "value": true
    }
},
{
    "model": "database.constance",
    "pk": 11,
    "fields": {
        "key": "useFingerprintList",
        "value": true
    }
},
{
    "model": "database.constance",
    "pk": 12,
    "fields": {
        "key": "project_name",
        "value": "gAJVBEVNSUZxAS4="
    }
},
{
    "model": "database.constance",
    "pk": 13,
    "fields": {
        "key": "copyright",
        "value": "gAJVGMKpIEJpb2luZm9ybWF0aWNzLlVBLCBVQXEBLg=="
    }
},
{
    "model": "database.constance",
    "pk": 14,
    "fields": {
        "key": "footer_extra",
        "value": "gAJULgEAAAogICAgICAgICAgICAgICAgICAgIDwhLS0gRVhUUkEgSFRNTCBGT09URVIgQ09ERSBIRVJFIC0tPgogICAgICAgICAgICAgICAgICAgIDxzbWFsbCBpZD0ic3VwcG9ydGFiaWxpdHkiPlRoaXMgd2Vic2l0ZSBpcyBvcHRpbWlzZWQgdG8gU2FmYXJpLCBDaHJvbWUsIEZpcmVmb3gsIE9wZXJhIGFuZCBJRTkrLgogICAgICAgICAgICAgICAgICAgIDwhLS1JdCBydW5zIGluIElFNy1JRTgsIGJ1dCBpdCBoYXMgbG93IHBlcmZvcm1hbmNlIGFuZCBubyBlbmhhbmNlZCBmZWF0dXJlcy4tLT48L3NtYWxsPgogICAgICAgICAgICAgICAgICAgcQEu"
    }
},
{
    "model": "database.constance",
    "pk": 15,
    "fields": {
        "key": "useQuestionSetRBAC",
        "value": true
    }
},
{
    "model": "database.constance",
    "pk": 16,
    "fields": {
        "key": "newsletter",
        "value": true
    }
},
{
    "model": "database.constance",
    "pk": 17,
    "fields": {
        "key": "more_like_this",
        "value": true
    }
},
{
    "model": "database.constance",
    "pk": 19,
    "fields": {
        "key": "documents",
        "value": true
    }
},
{
    "model": "database.constance",
    "pk": 20,
    "fields": {
        "key": "Request_Answer",
        "value": true
    }
},
{
    "model": "database.constance",
    "pk": 21,
    "fields": {
        "key": "table_view",
        "value": "gAJVBVRhYmxlcQEu"
    }
},
{
    "model": "database.constance",
    "pk": 22,
    "fields": {
        "key": "searchMenu",
        "value": true
    }
},
{
    "model": "database.constance",
    "pk": 23,
    "fields": {
        "key": "customViewMenu",
        "value": true
    }
},
{
    "model": "database.constance",
    "pk": 24,
    "fields": {
        "key": "privateLinksMenu",
        "value": true
    }
},
{
    "model": "database.constance",
    "pk": 25,
    "fields": {
        "key": "portal_installation",
        "value": false
    }
},
{
    "model": "database.constance",
    "pk": 26,
    "fields": {
        "key": "mapMenu",
        "value": true
    }
},
{
    "model": "database.constance",
    "pk": 27,
    "fields": {
        "key": "dashboardMenu",
        "value": true
    }
},
{
    "model": "database.constance",
    "pk": 28,
    "fields": {
        "key": "componentsMenu",
        "value": true
    }
},
{
    "model": "database.constance",
    "pk": 29,
    "fields": {
        "key": "communicationMenu",
        "value": true
    }
},
{
    "model": "database.constance",
    "pk": 30,
    "fields": {
        "key": "questionSetsMenu",
        "value": true
    }
},
{
    "model": "database.constance",
    "pk": 31,
    "fields": {
        "key": "apiMenu",
        "value": true
    }
},
{
    "model": "database.constance",
    "pk": 32,
    "fields": {
        "key": "compare_populations",
        "value": true
    }
},
{
    "model": "database.constance",
    "pk": 33,
    "fields": {
        "key": "extra_information",
        "value": true
    }
},
{
    "model": "community.community",
    "pk": 1,
    "fields": {
        "name": "test_community",
        "description": "some description",
        "disclaimer": null,
        "short_desc": "short desc.",
        "public": false,
        "auto_accept": false,
        "membership": "moderated",
        "slug": "testcommunity",
        "icon": "icons/community/observational_1.jpg",
        "thumbnail": "",
        "sortid": 1,
        "show_popchar": true,
        "show_docs": true,
        "popchar_sortid": 1,
        "docs_sortid": 1,
        "db_sortid": 1,
        "dblist_sortid": 1,
        "owners": [
            [
                "user2"
            ]
        ],
        "invisible_owners": [],
        "questionnaires": [
            1
        ],
        "tags": []
    }
},
{
    "model": "community.communitypermissions",
    "pk": 1,
    "fields": {
        "community": 1,
        "export_dblist": true,
        "export_fingerprint": true,
        "export_datatable": true
    }
},
{
    "model": "community.communityuser",
    "pk": 2,
    "fields": {
        "community": 1,
        "user": [
            "user2"
        ],
        "status": 1,
        "updated_at": "2022-01-21T15:47:30.382Z"
    }
},
{
    "model": "community.communityuser",
    "pk": 6,
    "fields": {
        "community": 1,
        "user": [
            "user1"
        ],
        "status": 1,
        "updated_at": "2022-01-21T15:47:30.382Z"
    }
},
{
    "model": "community.communityplugins",
    "pk": 1,
    "fields": {
        "plugin": 1,
        "community": 1,
        "sortid": 1
    }
},
{
    "model": "community.communitygroup",
    "pk": 1,
    "fields": {
        "community": 1,
        "name": "test",
        "description": null,
        "removed": true,
        "members": []
    }
},
{
    "model": "community.communitygroup",
    "pk": 2,
    "fields": {
        "community": 1,
        "name": "editors",
        "description": "editors",
        "removed": false,
        "members": [
            6
        ]
    }
},
{
    "model": "community.communitygroup",
    "pk": 3,
    "fields": {
        "community": 1,
        "name": "study managers",
        "description": "study managers",
        "removed": false,
        "members": []
    }
},
{
    "model": "community.communitygroup",
    "pk": 4,
    "fields": {
        "community": 1,
        "name": "API",
        "description": "api group",
        "removed": false,
        "members": [
            6
        ]
    }
},
{
    "model": "community.communitygroup",
    "pk": 5,
    "fields": {
        "community": 1,
        "name": "default",
        "description": "default",
        "removed": false,
        "members": []
    }
},
{
    "model": "community.communitygroup",
    "pk": 6,
    "fields": {
        "community": 1,
        "name": "test_group",
        "description": null,
        "removed": false,
        "members": [
            6
        ]
    }
},
{
    "model": "community.questionsetaccessgroups",
    "pk": 1,
    "fields": {
        "qset": 1,
        "communitygroup": 5,
        "can_read": false,
        "can_write": false
    }
},
{
    "model": "community.questionsetaccessgroups",
    "pk": 2,
    "fields": {
        "qset": 2,
        "communitygroup": 5,
        "can_read": true,
        "can_write": false
    }
},
{
    "model": "community.questionsetaccessgroups",
    "pk": 3,
    "fields": {
        "qset": 3,
        "communitygroup": 5,
        "can_read": true,
        "can_write": false
    }
},
{
    "model": "community.questionsetaccessgroups",
    "pk": 4,
    "fields": {
        "qset": 4,
        "communitygroup": 5,
        "can_read": true,
        "can_write": false
    }
},
{
    "model": "community.questionsetaccessgroups",
    "pk": 5,
    "fields": {
        "qset": 5,
        "communitygroup": 5,
        "can_read": true,
        "can_write": false
    }
},
{
    "model": "community.questionsetaccessgroups",
    "pk": 6,
    "fields": {
        "qset": 6,
        "communitygroup": 5,
        "can_read": true,
        "can_write": false
    }
},
{
    "model": "community.questionsetaccessgroups",
    "pk": 7,
    "fields": {
        "qset": 1,
        "communitygroup": 4,
        "can_read": false,
        "can_write": false
    }
},
{
    "model": "community.questionsetaccessgroups",
    "pk": 8,
    "fields": {
        "qset": 2,
        "communitygroup": 4,
        "can_read": false,
        "can_write": false
    }
},
{
    "model": "community.questionsetaccessgroups",
    "pk": 9,
    "fields": {
        "qset": 3,
        "communitygroup": 4,
        "can_read": false,
        "can_write": false
    }
},
{
    "model": "community.questionsetaccessgroups",
    "pk": 10,
    "fields": {
        "qset": 4,
        "communitygroup": 4,
        "can_read": false,
        "can_write": false
    }
},
{
    "model": "community.questionsetaccessgroups",
    "pk": 11,
    "fields": {
        "qset": 5,
        "communitygroup": 4,
        "can_read": false,
        "can_write": false
    }
},
{
    "model": "community.questionsetaccessgroups",
    "pk": 12,
    "fields": {
        "qset": 6,
        "communitygroup": 4,
        "can_read": false,
        "can_write": false
    }
},
{
    "model": "community.questionsetaccessgroups",
    "pk": 13,
    "fields": {
        "qset": 1,
        "communitygroup": 3,
        "can_read": false,
        "can_write": false
    }
},
{
    "model": "community.questionsetaccessgroups",
    "pk": 14,
    "fields": {
        "qset": 2,
        "communitygroup": 3,
        "can_read": false,
        "can_write": false
    }
},
{
    "model": "community.questionsetaccessgroups",
    "pk": 15,
    "fields": {
        "qset": 3,
        "communitygroup": 3,
        "can_read": false,
        "can_write": false
    }
},
{
    "model": "community.questionsetaccessgroups",
    "pk": 16,
    "fields": {
        "qset": 4,
        "communitygroup": 3,
        "can_read": false,
        "can_write": false
    }
},
{
    "model": "community.questionsetaccessgroups",
    "pk": 17,
    "fields": {
        "qset": 5,
        "communitygroup": 3,
        "can_read": false,
        "can_write": false
    }
},
{
    "model": "community.questionsetaccessgroups",
    "pk": 18,
    "fields": {
        "qset": 6,
        "communitygroup": 3,
        "can_read": false,
        "can_write": false
    }
},
{
    "model": "community.questionsetaccessgroups",
    "pk": 19,
    "fields": {
        "qset": 1,
        "communitygroup": 2,
        "can_read": false,
        "can_write": false
    }
},
{
    "model": "community.questionsetaccessgroups",
    "pk": 20,
    "fields": {
        "qset": 2,
        "communitygroup": 2,
        "can_read": true,
        "can_write": true
    }
},
{
    "model": "community.questionsetaccessgroups",
    "pk": 21,
    "fields": {
        "qset": 3,
        "communitygroup": 2,
        "can_read": true,
        "can_write": true
    }
},
{
    "model": "community.questionsetaccessgroups",
    "pk": 22,
    "fields": {
        "qset": 4,
        "communitygroup": 2,
        "can_read": true,
        "can_write": true
    }
},
{
    "model": "community.questionsetaccessgroups",
    "pk": 23,
    "fields": {
        "qset": 5,
        "communitygroup": 2,
        "can_read": true,
        "can_write": true
    }
},
{
    "model": "community.questionsetaccessgroups",
    "pk": 24,
    "fields": {
        "qset": 6,
        "communitygroup": 2,
        "can_read": true,
        "can_write": true
    }
},
{
    "model": "community.pluginpermission",
    "pk": 1,
    "fields": {
        "communitygroup": 2,
        "plugin": 1,
        "allow": false
    }
},
{
    "model": "community.pluginpermission",
    "pk": 2,
    "fields": {
        "communitygroup": 3,
        "plugin": 1,
        "allow": false
    }
},
{
    "model": "community.pluginpermission",
    "pk": 3,
    "fields": {
        "communitygroup": 4,
        "plugin": 1,
        "allow": false
    }
},
{
    "model": "community.pluginpermission",
    "pk": 4,
    "fields": {
        "communitygroup": 5,
        "plugin": 1,
        "allow": false
    }
},
{
    "model": "community.pluginpermission",
    "pk": 5,
    "fields": {
        "communitygroup": 6,
        "plugin": 1,
        "allow": true
    }
}
]
